date,temperature,himidity,luminosity
2022-11-10 15:47:49.554,23.1,,12
2022-11-10 15:47:47.276,23.1,,12
2022-11-10 15:47:44.998,23.1,,12
2022-11-10 15:47:42.722,23.1,,12
2022-11-10 15:47:40.443,23.1,,12
2022-11-10 15:47:38.166,23.1,,12
2022-11-10 15:47:35.889,23.1,,12
2022-11-10 15:47:33.612,23.1,,12
2022-11-10 15:47:31.334,23.1,,12
2022-11-10 15:47:29.057,23.1,,12
2022-11-10 15:47:26.779,23.1,,12
2022-11-10 15:47:24.501,23.1,,12
2022-11-10 15:47:22.224,23.1,,13
2022-11-10 15:47:19.946,23.1,,12
2022-11-10 15:47:17.669,23.1,,12
2022-11-10 15:47:15.392,23.1,,12
2022-11-10 15:47:13.113,23.1,,12
2022-11-10 15:47:10.836,23.1,,13
2022-11-10 15:47:08.560,23.1,,13
2022-11-10 15:47:06.282,23.1,,13
2022-11-10 15:47:04.004,23.1,,13
2022-11-10 15:47:01.727,23.1,,13
2022-11-10 15:46:59.450,23.1,,13
2022-11-10 15:46:57.171,23.1,,12
2022-11-10 15:46:54.894,23.1,,12
2022-11-10 15:46:52.617,23.1,,13
2022-11-10 15:46:50.340,23.1,,13
2022-11-10 15:46:48.062,23.1,,13
2022-11-10 15:46:45.783,23.1,,13
2022-11-10 15:46:43.506,23.1,,13
2022-11-10 15:46:41.230,23.1,,13
2022-11-10 15:46:38.952,23.1,,12
2022-11-10 15:46:36.674,23.1,,13
2022-11-10 15:46:34.396,23.1,,13
2022-11-10 15:46:32.119,23.1,,12
2022-11-10 15:46:29.842,23.1,,13
2022-11-10 15:46:27.564,23.1,,13
2022-11-10 15:46:25.286,23.1,,12
2022-11-10 15:46:23.010,23.1,,13
2022-11-10 15:46:20.731,23.1,,12
2022-11-10 15:46:18.455,23.1,,12
2022-11-10 15:46:16.177,23.1,,12
2022-11-10 15:46:13.900,23.1,,12
2022-11-10 15:46:11.621,23.1,,12
2022-11-10 15:46:09.345,23.1,,12
2022-11-10 15:46:07.067,23.1,,12
2022-11-10 15:46:04.790,23.1,,12
2022-11-10 15:46:02.511,23.0,,12
2022-11-10 15:46:00.234,23.1,,12
2022-11-10 15:45:57.957,23.1,,13
2022-11-10 15:45:55.679,23.1,,12
2022-11-10 15:45:53.402,23.1,,12
2022-11-10 15:45:51.124,23.0,,13
2022-11-10 15:45:48.848,23.0,,12
2022-11-10 15:45:46.570,23.1,,12
2022-11-10 15:45:44.292,23.0,,12
2022-11-10 15:45:42.015,23.0,,12
2022-11-10 15:45:39.738,23.1,,12
2022-11-10 15:45:37.460,23.1,,12
2022-11-10 15:45:35.183,23.0,,13
2022-11-10 15:45:32.906,23.0,,13
2022-11-10 15:45:30.627,23.0,,12
2022-11-10 15:45:28.351,23.0,,12
2022-11-10 15:45:26.072,23.0,,12
2022-11-10 15:45:23.795,23.0,,11
2022-11-10 15:45:21.517,23.0,,12
2022-11-10 15:45:19.240,23.0,,12
2022-11-10 15:45:16.966,23.0,,12
2022-11-10 15:45:14.689,23.0,,12
2022-11-10 15:45:12.411,23.0,,12
2022-11-10 15:45:10.135,23.0,,12
2022-11-10 15:45:07.857,23.0,,12
2022-11-10 15:45:05.579,23.0,,12
2022-11-10 15:45:03.302,23.0,,13
2022-11-10 15:45:01.025,23.0,,13
2022-11-10 15:44:58.747,23.0,,13
2022-11-10 15:44:56.470,23.0,,13
2022-11-10 15:44:54.192,23.0,,13
2022-11-10 15:44:51.915,23.0,,13
2022-11-10 15:44:49.637,23.0,,12
2022-11-10 15:44:47.359,23.0,,12
2022-11-10 15:44:45.083,23.0,,12
2022-11-10 15:44:42.805,23.0,,12
2022-11-10 15:44:40.528,23.0,,12
2022-11-10 15:44:38.250,23.1,,13
2022-11-10 15:44:35.972,23.1,,13
2022-11-10 15:44:33.695,23.0,,13
2022-11-10 15:44:31.418,23.0,,12
2022-11-10 15:44:29.140,23.0,,12
2022-11-10 15:44:26.862,23.0,,12
2022-11-10 15:44:24.586,23.0,,10
2022-11-10 15:44:22.307,23.0,,10
2022-11-10 15:44:20.031,23.0,,11
2022-11-10 15:44:17.753,23.0,,12
2022-11-10 15:44:15.476,23.0,,12
2022-11-10 15:44:13.198,23.0,,12
2022-11-10 15:44:10.921,23.0,,12
2022-11-10 15:44:08.643,23.0,,12
2022-11-10 15:44:06.365,23.0,,12
2022-11-10 15:44:04.087,23.0,,12
2022-11-10 15:44:01.810,23.0,,12
2022-11-10 15:43:59.532,23.0,,12
2022-11-10 15:43:57.255,23.0,,12
2022-11-10 15:43:54.977,23.0,,12
2022-11-10 15:43:52.701,23.0,,12
2022-11-10 15:43:50.426,23.0,,11
2022-11-10 15:43:48.149,23.0,,12
2022-11-10 15:43:45.873,23.0,,12
2022-11-10 15:43:43.594,23.1,,13
2022-11-10 15:43:41.317,23.0,,13
2022-11-10 15:43:39.039,23.0,,12
2022-11-10 15:43:36.763,23.0,,13
2022-11-10 15:43:34.484,23.1,,12
2022-11-10 15:43:32.207,23.1,,13
2022-11-10 15:43:29.930,23.1,,12
2022-11-10 15:43:27.652,23.1,,13
2022-11-10 15:43:25.375,23.1,,12
2022-11-10 15:43:23.097,23.1,,12
2022-11-10 15:43:20.820,23.1,,13
2022-11-10 15:43:18.543,23.1,,13
2022-11-10 15:43:16.264,23.1,,13
2022-11-10 15:43:13.988,23.1,,13
2022-11-10 15:43:11.710,23.1,,13
2022-11-10 15:43:09.433,23.1,,13
2022-11-10 15:43:07.155,23.1,,13
2022-11-10 15:43:04.877,23.1,,13
2022-11-10 15:43:02.600,23.1,,13
2022-11-10 15:43:00.323,23.1,,12
2022-11-10 15:42:58.045,23.1,,13
2022-11-10 15:42:55.768,23.1,,13
2022-11-10 15:42:53.490,23.1,,12
2022-11-10 15:42:51.212,23.1,,12
2022-11-10 15:42:48.936,23.1,,12
2022-11-10 15:42:46.658,23.1,,13
2022-11-10 15:42:44.381,23.1,,13
2022-11-10 15:42:42.102,23.1,,12
2022-11-10 15:42:39.825,23.1,,13
2022-11-10 15:42:37.547,23.1,,13
2022-11-10 15:42:35.271,23.1,,13
2022-11-10 15:42:32.993,23.1,,13
2022-11-10 15:42:30.716,23.1,,13
2022-11-10 15:42:28.437,23.1,,13
2022-11-10 15:42:26.160,23.1,,13
2022-11-10 15:42:23.882,23.1,,12
2022-11-10 15:42:21.605,23.1,,13
2022-11-10 15:42:19.329,23.1,,13
2022-11-10 15:42:17.051,23.1,,13
2022-11-10 15:42:14.773,23.1,,13
2022-11-10 15:42:12.495,23.1,,13
2022-11-10 15:42:10.218,23.1,,13
2022-11-10 15:42:07.940,23.1,,13
2022-11-10 15:42:05.664,23.1,,13
2022-11-10 15:42:03.386,23.1,,13
2022-11-10 15:42:01.108,23.1,,13
2022-11-10 15:41:58.831,23.1,,13
2022-11-10 15:41:56.557,23.1,,13
2022-11-10 15:41:54.280,23.1,,13
2022-11-10 15:41:52.002,23.1,,12
2022-11-10 15:41:49.725,23.1,,13
2022-11-10 15:41:47.448,23.1,,12
2022-11-10 15:41:45.171,23.1,,12
2022-11-10 15:41:42.893,23.1,,13
2022-11-10 15:41:40.615,23.1,,13
2022-11-10 15:41:38.338,23.1,,13
2022-11-10 15:41:36.061,23.1,,13
2022-11-10 15:41:33.782,23.1,,13
2022-11-10 15:41:31.506,23.1,,14
2022-11-10 15:41:29.227,23.1,,13
2022-11-10 15:41:26.950,23.1,,13
2022-11-10 15:41:24.672,23.1,,13
2022-11-10 15:41:22.396,23.1,,12
2022-11-10 15:41:20.118,23.1,,12
2022-11-10 15:41:17.840,23.1,,13
2022-11-10 15:41:15.563,23.1,,12
2022-11-10 15:41:13.285,23.1,,13
2022-11-10 15:41:11.009,23.1,,13
2022-11-10 15:41:08.731,23.1,,13
2022-11-10 15:41:06.453,23.1,,13
2022-11-10 15:41:04.175,23.1,,13
2022-11-10 15:41:01.899,23.1,,13
2022-11-10 15:40:59.621,23.1,,13
2022-11-10 15:40:57.343,23.1,,13
2022-11-10 15:40:55.066,23.1,,13
2022-11-10 15:40:52.788,23.1,,13
2022-11-10 15:40:50.511,23.1,,13
2022-11-10 15:40:48.233,23.1,,13
2022-11-10 15:40:45.955,23.1,,13
2022-11-10 15:40:43.679,23.1,,13
2022-11-10 15:40:41.401,23.1,,13
2022-11-10 15:40:39.123,23.1,,12
2022-11-10 15:40:36.846,23.1,,13
2022-11-10 15:40:34.573,23.1,,13
2022-11-10 15:40:32.294,23.1,,13
2022-11-10 15:40:30.018,23.1,,13
2022-11-10 15:40:27.741,23.1,,13
2022-11-10 15:40:25.463,23.1,,13
2022-11-10 15:40:23.185,23.1,,13
2022-11-10 15:40:20.907,23.1,,13
2022-11-10 15:40:18.630,23.1,,13
2022-11-10 15:40:16.353,23.1,,13
2022-11-10 15:40:14.076,23.1,,13
2022-11-10 15:40:11.797,23.1,,13
2022-11-10 15:40:09.521,23.1,,13
2022-11-10 15:40:07.243,23.1,,13
2022-11-10 15:40:04.965,23.1,,13
2022-11-10 15:40:02.687,23.1,,13
2022-11-10 15:40:00.410,23.1,,14
2022-11-10 15:39:58.133,23.1,,13
2022-11-10 15:39:55.856,23.1,,13
2022-11-10 15:39:53.577,23.1,,13
2022-11-10 15:39:51.301,23.1,,13
2022-11-10 15:39:49.022,23.1,,13
2022-11-10 15:39:46.745,23.1,,13
2022-11-10 15:39:44.467,23.1,,13
2022-11-10 15:39:42.190,23.1,,13
2022-11-10 15:39:39.912,23.1,,17
2022-11-10 15:39:37.635,23.1,,16
2022-11-10 15:39:35.358,23.1,,13
2022-11-10 15:39:33.081,23.1,,13
2022-11-10 15:39:30.803,23.1,,13
2022-11-10 15:39:28.525,23.1,,13
2022-11-10 15:39:26.248,23.1,,12
2022-11-10 15:39:23.971,23.1,,13
2022-11-10 15:39:21.693,23.1,,13
2022-11-10 15:39:19.415,23.1,,13
2022-11-10 15:39:17.139,23.2,,13
2022-11-10 15:39:14.860,23.1,,13
2022-11-10 15:39:12.582,23.1,,13
2022-11-10 15:39:10.305,23.1,,13
2022-11-10 15:39:08.029,23.1,,13
2022-11-10 15:39:05.751,23.2,,13
2022-11-10 15:39:03.472,23.1,,13
2022-11-10 15:39:01.196,23.1,,13
2022-11-10 15:38:58.918,23.2,,13
2022-11-10 15:38:56.640,23.1,,13
2022-11-10 15:38:54.363,23.1,,13
2022-11-10 15:38:52.086,23.1,,13
2022-11-10 15:38:49.809,23.2,,13
2022-11-10 15:38:47.530,23.1,,13
2022-11-10 15:38:45.254,23.1,,13
2022-11-10 15:38:42.977,23.1,,13
2022-11-10 15:38:40.699,23.1,,13
2022-11-10 15:38:38.421,23.1,,13
2022-11-10 15:38:36.144,23.1,,13
2022-11-10 15:38:33.866,23.1,,13
2022-11-10 15:38:31.589,23.1,,13
2022-11-10 15:38:29.311,23.1,,14
2022-11-10 15:38:27.034,23.1,,13
2022-11-10 15:38:24.757,23.1,,13
2022-11-10 15:38:22.479,23.1,,13
2022-11-10 15:38:20.201,23.1,,13
2022-11-10 15:38:17.925,23.1,,13
2022-11-10 15:38:15.647,23.1,,13
2022-11-10 15:38:13.369,23.1,,13
2022-11-10 15:38:11.095,23.1,,14
2022-11-10 15:38:08.818,23.1,,13
2022-11-10 15:38:06.540,23.1,,13
2022-11-10 15:38:04.263,23.1,,14
2022-11-10 15:38:01.986,23.1,,13
2022-11-10 15:37:59.708,23.1,,13
2022-11-10 15:37:57.431,23.2,,13
2022-11-10 15:37:55.153,23.1,,13
2022-11-10 15:37:52.875,23.1,,13
2022-11-10 15:37:50.598,23.1,,12
2022-11-10 15:37:48.321,23.1,,13
2022-11-10 15:36:42.897,23.1,,13
2022-11-10 15:36:40.620,23.1,,12
2022-11-10 15:36:38.341,23.1,,13
2022-11-10 15:36:36.065,23.1,,13
2022-11-10 15:36:33.786,23.1,,13
2022-11-10 15:36:31.509,23.1,,13
2022-11-10 15:36:29.233,23.1,,13
2022-11-10 15:36:26.954,23.1,,15
2022-11-10 15:36:24.677,23.1,,16
2022-11-10 15:36:22.400,23.1,,15
2022-11-10 15:36:20.122,23.1,,15
2022-11-10 15:36:17.845,23.1,,15
2022-11-10 15:36:15.568,23.1,,15
2022-11-10 15:36:13.290,23.1,,15
2022-11-10 15:36:11.013,23.1,,15
2022-11-10 15:36:08.734,23.1,,15
2022-11-10 15:36:06.461,23.1,,15
2022-11-10 15:36:04.183,23.1,,13
2022-11-10 15:36:01.906,23.1,,13
2022-11-10 15:35:59.629,23.1,,13
2022-11-10 15:35:57.352,23.1,,13
2022-11-10 15:35:55.074,23.1,,14
2022-11-10 15:35:52.797,23.1,,13
2022-11-10 15:35:50.519,23.1,,13
2022-11-10 15:35:48.241,23.1,,14
2022-11-10 15:35:45.964,23.1,,13
2022-11-10 15:35:43.686,23.1,,13
2022-11-10 15:35:41.410,23.2,,13
2022-11-10 15:35:39.132,23.1,,13
2022-11-10 15:35:36.854,23.1,,13
2022-11-10 15:35:34.577,23.1,,13
2022-11-10 15:35:32.300,23.2,,13
2022-11-10 15:35:30.021,23.2,,14
2022-11-10 15:35:27.745,23.2,,13
2022-11-10 15:35:25.466,23.2,,13
2022-11-10 15:35:23.189,23.2,,13
2022-11-10 15:35:20.912,23.2,,13
2022-11-10 15:35:18.635,23.2,,13
2022-11-10 15:35:16.357,23.2,,13
2022-11-10 15:35:14.080,23.2,,13
2022-11-10 15:35:11.801,23.2,,13
2022-11-10 15:35:09.525,23.2,,13
2022-11-10 15:35:07.247,23.2,,13
2022-11-10 15:35:04.973,23.2,,13
2022-11-10 15:35:02.696,23.2,,12
2022-11-10 15:35:00.419,23.2,,13
2022-11-10 15:34:58.141,23.2,,13
2022-11-10 15:34:55.864,23.2,,12
2022-11-10 15:34:53.587,23.2,,13
2022-11-10 15:34:51.309,23.2,,13
2022-11-10 15:34:49.032,23.2,,13
2022-11-10 15:34:46.753,23.2,,13
2022-11-10 15:34:44.476,23.2,,11
2022-11-10 15:34:42.198,23.2,,11
2022-11-10 15:34:39.922,23.2,,11
2022-11-10 15:34:37.643,23.2,,11
2022-11-10 15:34:35.366,23.2,,11
2022-11-10 15:34:33.090,23.2,,11
2022-11-10 15:34:30.812,23.2,,11
2022-11-10 15:34:28.534,23.2,,11
2022-11-10 15:34:26.256,23.2,,10
2022-11-10 15:34:23.980,23.2,,10
2022-11-10 15:34:21.701,23.2,,10
2022-11-10 15:34:19.425,23.2,,10
2022-11-10 15:34:17.146,23.2,,10
2022-11-10 15:34:14.873,23.2,,12
2022-11-10 15:34:12.595,23.2,,14
2022-11-10 15:34:10.318,23.2,,14
2022-11-10 15:34:08.041,23.2,,14
2022-11-10 15:34:05.764,23.2,,14
2022-11-10 15:34:03.485,23.2,,14
2022-11-10 15:34:01.208,23.2,,14
2022-11-10 15:33:58.932,23.3,,14
2022-11-10 15:33:56.654,23.2,,14
2022-11-10 15:33:54.375,23.2,,13
2022-11-10 15:33:52.099,23.2,,13
2022-11-10 15:33:49.822,23.2,,13
2022-11-10 15:33:47.543,23.2,,12
2022-11-10 15:33:45.267,23.2,,12
2022-11-10 15:33:42.989,23.2,,11
2022-11-10 15:33:40.712,23.2,,11
2022-11-10 15:33:38.433,23.2,,10
2022-11-10 15:33:36.157,23.2,,10
2022-11-10 15:33:33.878,23.2,,10
2022-11-10 15:33:31.602,23.2,,11
2022-11-10 15:33:29.324,23.2,,10
2022-11-10 15:33:27.046,23.2,,10
2022-11-10 15:33:24.770,23.2,,10
2022-11-10 15:33:22.491,23.2,,10
2022-11-10 15:33:20.214,23.2,,10
2022-11-10 15:33:17.941,23.2,,10
2022-11-10 15:33:15.662,23.2,,10
2022-11-10 15:33:13.387,23.1,,10
2022-11-10 15:33:11.108,23.1,,10
2022-11-10 15:33:08.830,23.1,,10
2022-11-10 15:33:06.553,23.1,,10
2022-11-10 15:33:04.275,23.1,,10
2022-11-10 15:33:01.998,23.1,,10
2022-11-10 15:32:59.720,23.1,,10
2022-11-10 15:32:57.443,23.1,,10
2022-11-10 15:32:55.165,23.1,,10
2022-11-10 15:32:52.887,23.1,,10
2022-11-10 15:32:50.611,23.1,,10
2022-11-10 15:32:48.333,23.1,,11
2022-11-10 15:32:46.055,23.1,,11
2022-11-10 15:32:43.777,23.1,,11
2022-11-10 15:32:41.500,23.1,,10
2022-11-10 15:32:39.223,23.1,,10
2022-11-10 15:32:36.946,23.1,,10
2022-11-10 15:32:34.669,23.1,,10
2022-11-10 15:32:32.390,23.1,,10
2022-11-10 15:32:30.114,23.1,,10
2022-11-10 15:32:27.836,23.1,,11
2022-11-10 15:32:25.558,23.1,,11
2022-11-10 15:32:23.280,23.0,,12
2022-11-10 15:32:21.004,23.1,,11
2022-11-10 15:32:18.725,23.0,,11
2022-11-10 15:32:16.448,23.0,,11
2022-11-10 15:32:14.170,23.0,,11
2022-11-10 15:32:11.893,23.0,,11
2022-11-10 15:32:09.619,23.0,,11
2022-11-10 15:32:07.342,23.0,,11
2022-11-10 15:32:05.065,23.0,,11
2022-11-10 15:32:02.787,23.0,,10
2022-11-10 15:32:00.509,23.0,,11
2022-11-10 15:31:58.232,23.0,,11
2022-11-10 15:31:55.955,23.0,,11
2022-11-10 15:31:53.677,23.0,,11
2022-11-10 15:31:51.401,23.0,,11
2022-11-10 15:31:49.124,23.0,,11
2022-11-10 15:31:46.846,23.0,,11
2022-11-10 15:31:44.567,23.0,,12
2022-11-10 15:31:42.290,23.0,,11
2022-11-10 15:31:40.014,23.0,,12
2022-11-10 15:31:37.736,23.1,,11
2022-11-10 15:31:35.458,23.1,,12
2022-11-10 15:31:33.180,23.1,,12
2022-11-10 15:31:30.904,23.0,,12
2022-11-10 15:31:28.625,23.1,,13
2022-11-10 15:31:26.349,23.1,,12
2022-11-10 15:31:24.070,23.1,,12
2022-11-10 15:31:21.793,23.1,,12
2022-11-10 15:31:19.515,23.1,,12
2022-11-10 15:31:17.238,23.1,,12
2022-11-10 15:31:14.961,23.1,,12
2022-11-10 15:31:12.684,23.1,,11
2022-11-10 15:31:10.406,23.1,,12
2022-11-10 15:31:08.129,23.1,,11
2022-11-10 15:31:05.852,23.1,,12
2022-11-10 15:31:03.578,23.1,,12
2022-11-10 15:31:01.301,23.1,,12
2022-11-10 15:30:59.022,23.1,,12
2022-11-10 15:30:56.745,23.1,,12
2022-11-10 15:30:54.468,23.1,,12
2022-11-10 15:30:52.190,23.1,,12
2022-11-10 15:30:49.912,23.1,,12
2022-11-10 15:30:47.635,23.1,,12
2022-11-10 15:30:45.358,23.1,,12
2022-11-10 15:30:43.081,23.1,,12
2022-11-10 15:30:40.803,23.1,,12
2022-11-10 15:30:38.525,23.1,,12
2022-11-10 15:30:36.249,23.1,,12
2022-11-10 15:30:33.971,23.1,,13
2022-11-10 15:30:31.693,23.1,,13
2022-11-10 15:30:29.416,23.1,,12
2022-11-10 15:30:27.138,23.1,,13
2022-11-10 15:30:24.861,23.1,,13
2022-11-10 15:30:22.583,23.1,,13
2022-11-10 15:30:20.305,23.1,,13
2022-11-10 15:30:18.028,23.1,,13
2022-11-10 15:30:15.750,23.1,,12
2022-11-10 15:30:13.474,23.1,,12
2022-11-10 15:30:11.200,23.1,,12
2022-11-10 15:30:08.923,23.1,,12
2022-11-10 15:30:06.644,23.1,,12
2022-11-10 15:30:04.368,23.1,,12
2022-11-10 15:30:02.089,23.1,,12
2022-11-10 15:29:59.813,23.1,,12
2022-11-10 15:29:57.534,23.1,,12
2022-11-10 15:29:55.258,23.1,,12
2022-11-10 15:29:52.980,23.1,,12
2022-11-10 15:29:50.702,23.1,,12
2022-11-10 15:29:48.424,23.1,,12
2022-11-10 15:29:46.148,23.1,,12
2022-11-10 15:29:43.870,23.1,,13
2022-11-10 15:29:41.592,23.1,,13
2022-11-10 15:29:39.315,23.1,,12
2022-11-10 15:29:37.038,23.1,,13
2022-11-10 15:29:34.760,23.1,,12
2022-11-10 15:29:32.483,23.1,,12
2022-11-10 15:29:30.205,23.1,,12
2022-11-10 15:29:27.928,23.1,,12
2022-11-10 15:29:25.651,23.1,,12
2022-11-10 15:29:23.373,23.1,,13
2022-11-10 15:29:21.095,23.1,,12
2022-11-10 15:29:18.817,23.1,,12
2022-11-10 15:29:16.540,23.1,,12
2022-11-10 15:29:14.262,23.1,,12
2022-11-10 15:29:11.986,23.1,,12
2022-11-10 15:29:09.709,23.1,,12
2022-11-10 15:29:07.430,23.1,,12
2022-11-10 15:29:05.158,23.1,,12
2022-11-10 15:29:02.879,23.1,,12
2022-11-10 15:29:00.602,23.1,,12
2022-11-10 15:28:58.325,23.1,,12
2022-11-10 15:28:56.047,23.1,,12
2022-11-10 15:28:53.770,23.1,,12
2022-11-10 15:28:51.493,23.1,,12
2022-11-10 15:28:49.215,23.1,,12
2022-11-10 15:28:46.938,23.1,,12
2022-11-10 15:28:44.660,23.1,,12
2022-11-10 15:28:42.382,23.1,,12
2022-11-10 15:28:40.105,23.1,,13
2022-11-10 15:28:37.828,23.1,,12
2022-11-10 15:28:35.550,23.1,,12
2022-11-10 15:28:33.272,23.1,,12
2022-11-10 15:28:30.995,23.1,,12
2022-11-10 15:28:28.718,23.1,,13
2022-11-10 15:28:26.441,23.1,,13
2022-11-10 15:28:24.163,23.1,,13
2022-11-10 15:28:21.886,23.1,,13
2022-11-10 15:28:19.609,23.1,,12
2022-11-10 15:28:17.330,23.1,,13
2022-11-10 15:28:15.054,23.1,,13
2022-11-10 15:28:12.776,23.1,,13
2022-11-10 15:28:10.499,23.1,,13
2022-11-10 15:28:08.220,23.1,,13
2022-11-10 15:28:05.943,23.1,,13
2022-11-10 15:28:03.666,23.1,,13
2022-11-10 15:28:01.388,23.1,,13
2022-11-10 15:27:59.110,23.1,,13
2022-11-10 15:27:56.834,23.1,,13
2022-11-10 15:27:54.556,23.1,,13
2022-11-10 15:27:52.282,23.1,,13
2022-11-10 15:27:50.005,23.1,,13
2022-11-10 15:27:47.727,23.1,,13
2022-11-10 15:27:45.450,23.1,,13
2022-11-10 15:27:43.173,23.1,,13
2022-11-10 15:27:40.894,23.1,,13
2022-11-10 15:27:38.618,23.1,,13
2022-11-10 15:27:36.341,23.1,,13
2022-11-10 15:27:34.062,23.1,,13
2022-11-10 15:27:31.786,23.1,,13
2022-11-10 15:27:29.508,23.1,,13
2022-11-10 15:27:27.230,23.1,,13
2022-11-10 15:27:24.952,23.1,,12
2022-11-10 15:27:22.676,23.1,,12
2022-11-10 15:27:20.397,23.1,,13
2022-11-10 15:27:18.120,23.1,,12
2022-11-10 15:27:15.842,23.1,,11
2022-11-10 15:27:13.566,23.1,,11
2022-11-10 15:27:11.288,23.1,,11
2022-11-10 15:27:09.010,23.1,,11
2022-11-10 15:27:06.733,23.1,,10
2022-11-10 15:27:04.455,23.1,,11
2022-11-10 15:27:02.178,23.1,,11
2022-11-10 15:26:59.901,23.1,,11
2022-11-10 15:26:57.623,23.1,,11
2022-11-10 15:26:55.345,23.1,,11
2022-11-10 15:26:53.069,23.1,,11
2022-11-10 15:26:50.790,23.1,,11
2022-11-10 15:26:48.514,23.1,,11
2022-11-10 15:26:46.236,23.1,,11
2022-11-10 15:26:43.963,23.1,,11
2022-11-10 15:26:41.685,23.1,,11
2022-11-10 15:26:39.407,23.1,,11
2022-11-10 15:26:37.130,23.1,,11
2022-11-10 15:26:34.853,23.1,,11
2022-11-10 15:26:32.575,23.1,,11
2022-11-10 15:26:30.297,23.1,,11
2022-11-10 15:26:28.020,23.1,,11
2022-11-10 15:26:25.742,23.1,,11
2022-11-10 15:26:23.464,23.1,,11
2022-11-10 15:26:21.187,23.1,,11
2022-11-10 15:26:18.909,23.1,,11
2022-11-10 15:26:16.632,23.1,,12
2022-11-10 15:26:14.356,23.1,,12
2022-11-10 15:26:12.077,23.1,,12
2022-11-10 15:26:09.801,23.0,,13
2022-11-10 15:26:07.522,23.1,,13
2022-11-10 15:26:05.246,23.0,,12
2022-11-10 15:26:02.967,23.1,,12
2022-11-10 15:26:00.691,23.1,,13
2022-11-10 15:25:58.413,23.1,,11
2022-11-10 15:25:56.135,23.0,,11
2022-11-10 15:25:53.858,23.1,,11
2022-11-10 15:25:51.580,23.0,,11
2022-11-10 15:25:49.303,23.1,,11
2022-11-10 15:25:47.025,23.0,,11
2022-11-10 15:25:44.747,23.0,,11
2022-11-10 15:25:42.470,23.0,,11
2022-11-10 15:25:40.193,23.0,,11
2022-11-10 15:25:37.916,23.1,,11
2022-11-10 15:25:35.638,23.0,,11
2022-11-10 15:25:33.360,23.1,,11
2022-11-10 15:25:31.084,23.0,,11
2022-11-10 15:25:28.806,23.0,,11
2022-11-10 15:25:26.528,23.0,,11
2022-11-10 15:25:24.251,23.0,,11
2022-11-10 15:25:21.974,23.1,,11
2022-11-10 15:25:19.695,23.0,,11
2022-11-10 15:25:17.419,23.1,,11
2022-11-10 15:25:15.141,23.0,,11
2022-11-10 15:25:12.863,23.0,,11
2022-11-10 15:25:10.590,23.1,,11
2022-11-10 15:25:08.313,23.0,,11
2022-11-10 15:25:06.035,23.0,,11
2022-11-10 15:25:03.757,23.0,,11
2022-11-10 15:25:01.480,23.0,,11
2022-11-10 15:24:59.203,23.1,,11
2022-11-10 15:24:56.925,23.1,,11
2022-11-10 15:24:54.647,23.0,,11
2022-11-10 15:24:52.371,23.0,,11
2022-11-10 15:24:50.093,23.0,,11
2022-11-10 15:24:47.815,23.1,,11
2022-11-10 15:24:45.538,23.1,,11
2022-11-10 15:24:43.261,23.0,,11
2022-11-10 15:24:40.983,23.0,,12
2022-11-10 15:24:38.706,23.0,,11
2022-11-10 15:24:36.428,23.0,,11
2022-11-10 15:24:34.150,23.0,,11
2022-11-10 15:24:31.873,23.1,,11
2022-11-10 15:24:29.596,23.0,,12
2022-11-10 15:24:27.318,23.1,,11
2022-11-10 15:24:25.041,23.0,,11
2022-11-10 15:24:22.763,23.1,,12
2022-11-10 15:24:20.485,23.0,,11
2022-11-10 15:24:18.209,23.1,,11
2022-11-10 15:24:15.930,23.1,,13
2022-11-10 15:24:13.653,23.1,,11
2022-11-10 15:24:11.375,23.1,,11
2022-11-10 15:24:09.098,23.1,,11
2022-11-10 15:24:06.821,23.1,,11
2022-11-10 15:24:04.543,23.1,,11
2022-11-10 15:24:02.265,23.1,,11
2022-11-10 15:23:59.989,23.1,,11
2022-11-10 15:23:57.710,23.1,,11
2022-11-10 15:23:55.433,23.1,,11
2022-11-10 15:23:53.156,23.1,,11
2022-11-10 15:23:50.878,23.1,,11
2022-11-10 15:23:48.605,23.1,,11
2022-11-10 15:23:46.327,23.1,,11
2022-11-10 15:23:44.050,23.1,,11
2022-11-10 15:23:41.773,23.1,,11
2022-11-10 15:23:39.495,23.1,,11
2022-11-10 15:23:37.218,23.1,,11
2022-11-10 15:23:34.941,23.1,,11
2022-11-10 15:23:32.663,23.1,,11
2022-11-10 15:23:30.382,23.1,,11
2022-11-10 15:23:28.103,23.1,,11
2022-11-10 15:23:25.826,23.1,,11
2022-11-10 15:23:23.549,23.1,,12
2022-11-10 15:23:21.271,23.1,,11
2022-11-10 15:23:18.994,23.1,,12
2022-11-10 15:23:16.716,23.1,,12
2022-11-10 15:23:14.439,23.1,,11
2022-11-10 15:23:12.161,23.1,,11
2022-11-10 15:23:09.883,23.1,,11
2022-11-10 15:23:07.607,23.1,,11
2022-11-10 15:23:05.329,23.1,,12
2022-11-10 15:23:03.055,23.1,,11
2022-11-10 15:23:00.778,23.1,,11
2022-11-10 15:22:58.500,23.1,,12
2022-11-10 15:22:56.222,23.1,,11
2022-11-10 15:22:53.945,23.1,,11
2022-11-10 15:22:51.668,23.1,,11
2022-11-10 15:22:49.391,23.1,,11
2022-11-10 15:22:47.113,23.1,,12
2022-11-10 15:22:44.835,23.1,,13
2022-11-10 15:22:42.559,23.1,,13
2022-11-10 15:22:40.280,23.1,,12
2022-11-10 15:22:38.003,23.1,,12
2022-11-10 15:22:35.725,23.1,,12
2022-11-10 15:22:33.449,23.1,,11
2022-11-10 15:22:31.170,23.1,,12
2022-11-10 15:22:28.893,23.1,,12
2022-11-10 15:22:26.615,23.1,,12
2022-11-10 15:22:24.339,23.1,,12
2022-11-10 15:22:22.061,23.1,,11
2022-11-10 15:22:19.783,23.1,,11
2022-11-10 15:22:17.506,23.1,,11
2022-11-10 15:22:15.225,23.1,,11
2022-11-10 15:22:12.947,23.1,,11
2022-11-10 15:22:10.669,23.1,,11
2022-11-10 15:22:08.392,23.1,,11
2022-11-10 15:22:06.114,23.1,,11
2022-11-10 15:22:03.837,23.1,,11
2022-11-10 15:22:01.559,23.1,,11
2022-11-10 15:21:59.281,23.1,,11
2022-11-10 15:21:57.004,23.1,,11
2022-11-10 15:21:54.726,23.1,,12
2022-11-10 15:21:52.450,23.1,,12
2022-11-10 15:21:50.173,23.1,,12
2022-11-10 15:21:47.894,23.1,,12
2022-11-10 15:20:34.680,23.2,,12
2022-11-10 15:20:32.402,23.2,,11
2022-11-10 15:20:30.125,23.2,,12
2022-11-10 15:20:27.847,23.2,,12
2022-11-10 15:20:25.569,23.2,,11
2022-11-10 15:20:23.293,23.2,,12
2022-11-10 15:20:21.015,23.2,,12
2022-11-10 15:20:18.737,23.2,,11
2022-11-10 15:20:16.460,23.2,,12
2022-11-10 15:20:14.183,23.2,,11
2022-11-10 15:20:11.909,23.2,,11
2022-11-10 15:20:09.631,23.2,,12
2022-11-10 15:20:07.354,23.2,,11
2022-11-10 15:20:05.077,23.2,,12
2022-11-10 15:20:02.799,23.2,,12
2022-11-10 15:20:00.522,23.2,,11
2022-11-10 15:19:58.244,23.2,,12
2022-11-10 15:19:55.966,23.2,,12
2022-11-10 15:19:53.689,23.2,,12
2022-11-10 15:19:51.411,23.2,,12
2022-11-10 15:19:49.134,23.2,,12
2022-11-10 15:19:46.857,23.2,,12
2022-11-10 15:19:44.578,23.2,,12
2022-11-10 15:19:42.302,23.2,,12
2022-11-10 15:19:40.023,23.2,,12
2022-11-10 15:19:37.747,23.2,,12
2022-11-10 15:19:35.468,23.2,,12
2022-11-10 15:19:33.191,23.2,,12
2022-11-10 15:19:30.915,23.2,,12
2022-11-10 15:19:28.636,23.2,,12
2022-11-10 15:19:26.359,23.2,,12
2022-11-10 15:19:24.081,23.2,,12
2022-11-10 15:18:34.354,23.2,,13
2022-11-10 15:18:32.076,23.2,,14
2022-11-10 15:18:29.799,23.2,,12
2022-11-10 15:18:27.522,23.2,,12
2022-11-10 15:18:25.244,23.2,,12
2022-11-10 15:18:22.966,23.2,,12
2022-11-10 15:18:20.689,23.2,,12
2022-11-10 15:18:18.411,23.2,,9
2022-11-10 15:18:16.135,23.2,,11
2022-11-10 15:18:13.857,23.2,,12
2022-11-10 15:18:11.579,23.2,,12
2022-11-10 15:18:09.303,23.2,,13
2022-11-10 15:18:07.024,23.2,,13
2022-11-10 15:18:04.748,23.2,,13
2022-11-10 15:18:02.470,23.2,,13
2022-11-10 15:18:00.197,23.2,,13
2022-11-10 15:17:57.919,23.2,,13
2022-11-10 15:17:55.641,23.2,,13
2022-11-10 15:17:53.364,23.2,,13
2022-11-10 15:17:51.087,23.3,,13
2022-11-10 15:17:48.810,23.3,,13
2022-11-10 15:17:46.531,23.2,,13
2022-11-10 15:17:44.253,23.2,,13
2022-11-10 15:17:41.977,23.2,,13
2022-11-10 15:17:39.699,23.2,,13
2022-11-10 15:17:37.421,23.3,,14
2022-11-10 15:17:35.144,23.2,,13
2022-11-10 15:17:32.867,23.2,,13
2022-11-10 15:17:30.589,23.2,,13
2022-11-10 15:17:28.311,23.3,,13
2022-11-10 15:17:26.035,23.2,,13
2022-11-10 15:17:23.756,23.2,,13
2022-11-10 15:17:21.479,23.2,,14
2022-11-10 15:17:19.201,23.2,,14
2022-11-10 15:17:16.924,23.2,,13
2022-11-10 15:17:14.646,23.2,,14
2022-11-10 15:17:12.370,23.2,,17
2022-11-10 15:17:10.091,23.3,,17
2022-11-10 15:17:07.814,23.2,,17
2022-11-10 15:17:05.536,23.2,,17
2022-11-10 15:17:03.259,23.3,,17
2022-11-10 15:17:00.982,23.2,,17
2022-11-10 15:16:58.709,23.2,,17
2022-11-10 15:16:56.431,23.2,,17
2022-11-10 15:16:54.153,23.2,,17
2022-11-10 15:16:51.877,23.3,,17
2022-11-10 15:16:49.599,23.3,,17
2022-11-10 15:16:47.321,23.3,,18
2022-11-10 15:16:45.044,23.3,,17
2022-11-10 15:16:42.766,23.3,,17
2022-11-10 15:16:40.488,23.3,,17
2022-11-10 15:16:38.211,23.3,,17
2022-11-10 15:16:35.933,23.3,,17
2022-11-10 15:16:33.656,23.3,,17
2022-11-10 15:16:31.379,23.3,,17
2022-11-10 15:16:29.101,23.3,,17
2022-11-10 15:16:26.823,23.3,,16
2022-11-10 15:16:24.547,23.3,,16
2022-11-10 15:16:22.269,23.3,,17
2022-11-10 15:16:19.991,23.3,,16
2022-11-10 15:16:17.715,23.2,,17
2022-11-10 15:16:15.436,23.2,,15
2022-11-10 15:16:13.159,23.2,,16
2022-11-10 15:16:10.882,23.3,,14
2022-11-10 15:16:08.604,23.2,,13
2022-11-10 15:16:06.327,23.2,,14
2022-11-10 15:16:04.050,23.2,,11
2022-11-10 15:16:01.772,23.2,,16
2022-11-10 15:15:59.493,23.2,,17
2022-11-10 15:15:57.216,23.2,,16
2022-11-10 15:15:54.940,23.2,,16
2022-11-10 15:15:52.662,23.2,,17
2022-11-10 15:15:50.384,23.2,,16
2022-11-10 15:15:48.107,23.3,,16
2022-11-10 15:15:45.829,23.3,,16
2022-11-10 15:15:43.552,23.2,,16
2022-11-10 15:15:41.274,23.2,,16
2022-11-10 15:15:38.997,23.2,,16
2022-11-10 15:15:36.724,23.2,,16
2022-11-10 15:15:34.446,23.2,,17
2022-11-10 15:15:32.168,23.2,,16
2022-11-10 15:15:29.890,23.2,,13
2022-11-10 15:15:27.613,23.2,,16
2022-11-10 15:15:25.336,23.2,,16
2022-11-10 15:15:23.058,23.2,,15
2022-11-10 15:15:20.781,23.2,,13
2022-11-10 15:15:18.503,23.2,,13
2022-11-10 15:15:16.226,23.2,,14
2022-11-10 15:15:13.950,23.2,,13
2022-11-10 15:15:11.672,23.3,,13
2022-11-10 15:15:09.395,23.2,,14
2022-11-10 15:15:07.117,23.2,,13
2022-11-10 15:15:04.840,23.3,,14
2022-11-10 15:15:02.562,23.2,,14
2022-11-10 15:15:00.284,23.2,,13
2022-11-10 15:14:58.007,23.2,,14
2022-11-10 15:14:55.730,23.2,,13
2022-11-10 15:14:53.452,23.2,,13
2022-11-10 15:14:51.175,23.2,,14
2022-11-10 15:14:48.896,23.2,,13
2022-11-10 15:14:46.620,23.2,,13
2022-11-10 15:14:44.342,23.2,,14
2022-11-10 15:14:42.064,23.2,,13
2022-11-10 15:14:39.792,23.2,,13
2022-11-10 15:14:37.513,23.2,,13
2022-11-10 15:14:35.237,23.2,,12
2022-11-10 15:14:32.959,23.2,,13
2022-11-10 15:14:30.681,23.2,,13
2022-11-10 15:14:28.404,23.2,,13
2022-11-10 15:14:26.126,23.2,,12
2022-11-10 15:14:23.848,23.2,,12
2022-11-10 15:14:21.572,23.2,,14
2022-11-10 15:14:19.293,23.2,,14
2022-11-10 15:14:17.016,23.2,,14
2022-11-10 15:14:14.738,23.2,,14
2022-11-10 15:14:12.461,23.2,,14
2022-11-10 15:14:10.183,23.2,,14
2022-11-10 15:14:07.906,23.2,,14
2022-11-10 15:14:05.628,23.2,,14
2022-11-10 15:14:03.351,23.2,,14
2022-11-10 15:14:01.073,23.2,,14
2022-11-10 15:13:58.796,23.2,,14
2022-11-10 15:13:56.522,23.2,,14
2022-11-10 15:13:54.245,23.2,,14
2022-11-10 15:13:51.967,23.2,,14
2022-11-10 15:13:49.690,23.2,,14
2022-11-10 15:13:47.412,23.2,,14
2022-11-10 15:13:45.135,23.2,,14
2022-11-10 15:13:42.858,23.2,,14
2022-11-10 15:13:40.580,23.2,,14
2022-11-10 15:13:38.303,23.2,,17
2022-11-10 15:13:36.024,23.2,,17
2022-11-10 15:13:33.748,23.2,,17
2022-11-10 15:13:31.469,23.2,,17
2022-11-10 15:13:29.192,23.2,,17
2022-11-10 15:13:26.914,23.2,,16
2022-11-10 15:13:24.637,23.2,,16
2022-11-10 15:13:22.360,23.2,,17
2022-11-10 15:13:20.082,23.2,,16
2022-11-10 15:13:17.804,23.2,,17
2022-11-10 15:13:15.527,23.2,,17
2022-11-10 15:13:13.250,23.2,,17
2022-11-10 15:13:10.973,23.2,,17
2022-11-10 15:13:08.700,23.2,,17
2022-11-10 15:13:06.423,23.2,,16
2022-11-10 15:13:04.146,23.2,,17
2022-11-10 15:13:01.867,23.2,,16
2022-11-10 15:12:59.591,23.2,,16
2022-11-10 15:12:57.313,23.2,,16
2022-11-10 15:12:55.035,23.2,,16
2022-11-10 15:12:52.757,23.2,,15
2022-11-10 15:12:50.480,23.2,,16
2022-11-10 15:12:48.202,23.2,,16
2022-11-10 15:12:45.925,23.2,,16
2022-11-10 15:12:43.648,23.2,,16
2022-11-10 15:12:41.370,23.2,,16
2022-11-10 15:12:39.094,23.2,,16
2022-11-10 15:12:36.816,23.2,,16
2022-11-10 15:12:34.539,23.2,,16
2022-11-10 15:12:32.260,23.2,,13
2022-11-10 15:12:29.987,23.2,,13
2022-11-10 15:12:27.709,23.2,,16
2022-11-10 15:12:25.432,23.2,,16
2022-11-10 15:12:23.154,23.2,,13
2022-11-10 15:12:20.877,23.1,,13
2022-11-10 15:12:18.600,23.2,,13
2022-11-10 15:12:16.323,23.2,,13
2022-11-10 15:12:14.045,23.1,,13
2022-11-10 15:12:11.767,23.2,,13
2022-11-10 15:12:09.491,23.2,,13
2022-11-10 15:12:07.213,23.1,,13
2022-11-10 15:12:04.936,23.2,,13
2022-11-10 15:12:02.658,23.1,,13
2022-11-10 15:12:00.381,23.1,,13
2022-11-10 15:11:58.103,23.1,,12
2022-11-10 15:11:55.825,23.1,,13
2022-11-10 15:11:53.548,23.1,,12
2022-11-10 15:11:51.275,23.1,,12
2022-11-10 15:11:48.997,23.1,,12
2022-11-10 15:11:46.720,23.1,,12
2022-11-10 15:11:44.441,23.1,,12
2022-11-10 15:11:42.165,23.1,,12
2022-11-10 15:11:39.888,23.2,,12
2022-11-10 15:11:37.609,23.2,,12
2022-11-10 15:11:35.333,23.2,,12
2022-11-10 15:11:33.055,23.2,,12
2022-11-10 15:11:30.777,23.2,,13
2022-11-10 15:11:28.500,23.1,,12
2022-11-10 15:11:26.222,23.1,,12
2022-11-10 15:11:23.944,23.1,,12
2022-11-10 15:11:21.668,23.1,,16
2022-11-10 15:11:19.390,23.1,,16
2022-11-10 15:11:17.112,23.2,,16
2022-11-10 15:11:14.835,23.2,,16
2022-11-10 15:11:12.558,23.2,,16
2022-11-10 15:11:10.283,23.2,,16
2022-11-10 15:11:08.006,23.1,,16
2022-11-10 15:11:05.729,23.2,,16
2022-11-10 15:11:03.452,23.1,,16
2022-11-10 15:11:01.173,23.1,,15
2022-11-10 15:10:58.896,23.1,,13
2022-11-10 15:10:56.620,23.1,,12
2022-11-10 15:10:54.342,23.1,,12
2022-11-10 15:10:52.064,23.1,,12
2022-11-10 15:10:49.787,23.1,,12
2022-11-10 15:10:47.510,23.1,,13
2022-11-10 15:10:45.231,23.1,,12
2022-11-10 15:10:42.955,23.1,,12
2022-11-10 15:10:40.677,23.1,,12
2022-11-10 15:10:38.399,23.2,,12
2022-11-10 15:10:36.121,23.1,,12
2022-11-10 15:10:33.845,23.1,,12
2022-11-10 15:10:31.567,23.1,,12
2022-11-10 15:10:29.289,23.1,,12
2022-11-10 15:10:27.011,23.1,,12
2022-11-10 15:10:24.734,23.1,,12
2022-11-10 15:10:22.457,23.1,,12
2022-11-10 15:10:20.180,23.1,,12
2022-11-10 15:10:17.903,23.1,,12
2022-11-10 15:10:15.624,23.1,,11
2022-11-10 15:10:13.347,23.1,,12
2022-11-10 15:10:11.070,23.1,,12
2022-11-10 15:10:08.792,23.1,,12
2022-11-10 15:10:06.515,23.1,,12
2022-11-10 15:10:04.237,23.1,,12
2022-11-10 15:10:01.959,23.1,,12
2022-11-10 15:09:59.683,23.1,,12
2022-11-10 15:09:57.405,23.1,,12
2022-11-10 15:09:55.128,23.1,,12
2022-11-10 15:09:52.850,23.1,,12
2022-11-10 15:09:50.573,23.1,,12
2022-11-10 15:09:48.295,23.2,,12
2022-11-10 15:09:46.017,23.1,,12
2022-11-10 15:09:43.740,23.2,,12
2022-11-10 15:09:41.466,23.1,,12
2022-11-10 15:09:39.190,23.2,,12
2022-11-10 15:09:36.912,23.2,,12
2022-11-10 15:09:34.633,23.2,,12
2022-11-10 15:09:32.356,23.2,,12
2022-11-10 15:09:30.080,23.2,,12
2022-11-10 15:09:27.802,23.2,,13
2022-11-10 15:09:25.524,23.2,,12
2022-11-10 15:09:23.246,23.2,,12
2022-11-10 15:09:20.969,23.2,,12
2022-11-10 15:09:18.691,23.2,,12
2022-11-10 15:09:16.414,23.2,,12
2022-11-10 15:09:14.137,23.1,,12
2022-11-10 15:09:11.859,23.1,,11
2022-11-10 15:09:09.582,23.2,,11
2022-11-10 15:09:07.304,23.2,,12
2022-11-10 15:09:05.026,23.1,,11
2022-11-10 15:09:02.750,23.2,,12
2022-11-10 15:09:00.472,23.1,,12
2022-11-10 15:08:58.195,23.1,,12
2022-11-10 15:08:55.917,23.1,,12
2022-11-10 15:08:53.640,23.2,,11
2022-11-10 15:08:51.363,23.2,,12
2022-11-10 15:08:49.088,23.2,,12
2022-11-10 15:08:46.812,23.2,,12
2022-11-10 15:08:44.534,23.1,,12
2022-11-10 15:08:42.256,23.2,,12
2022-11-10 15:08:39.979,23.1,,12
2022-11-10 15:08:37.701,23.2,,12
2022-11-10 15:08:35.424,23.2,,12
2022-11-10 15:08:33.146,23.2,,12
2022-11-10 15:08:30.869,23.2,,12
2022-11-10 15:08:28.592,23.2,,12
2022-11-10 15:08:26.314,23.2,,12
2022-11-10 15:08:24.036,23.2,,12
2022-11-10 15:08:21.759,23.2,,12
2022-11-10 15:08:19.481,23.2,,12
2022-11-10 15:08:17.204,23.2,,12
2022-11-10 15:08:14.927,23.2,,12
2022-11-10 15:08:12.649,23.2,,12
2022-11-10 15:08:10.371,23.2,,12
2022-11-10 15:08:08.098,23.2,,12
2022-11-10 15:08:05.821,23.2,,12
2022-11-10 15:08:03.544,23.2,,12
2022-11-10 15:08:01.266,23.2,,12
2022-11-10 15:07:58.988,23.2,,12
2022-11-10 15:07:56.711,23.3,,12
2022-11-10 15:07:54.433,23.2,,12
2022-11-10 15:07:52.157,23.3,,12
2022-11-10 15:07:49.879,23.2,,12
2022-11-10 15:07:47.601,23.3,,12
2022-11-10 15:07:45.324,23.2,,12
2022-11-10 15:07:43.047,23.2,,12
2022-11-10 15:07:40.768,23.2,,12
2022-11-10 15:07:38.491,23.3,,12
2022-11-10 15:07:36.213,23.2,,12
2022-11-10 15:07:33.937,23.2,,12
2022-11-10 15:07:31.659,23.3,,12
2022-11-10 15:07:29.382,23.3,,12
2022-11-10 15:07:27.103,23.3,,12
2022-11-10 15:07:24.827,23.2,,12
2022-11-10 15:07:22.553,23.2,,12
2022-11-10 15:07:20.276,23.3,,12
2022-11-10 15:07:17.998,23.2,,12
2022-11-10 15:07:15.721,23.3,,12
2022-11-10 15:07:13.444,23.2,,12
2022-11-10 15:07:11.165,23.2,,12
2022-11-10 15:07:08.889,23.2,,12
2022-11-10 15:07:06.610,23.2,,12
2022-11-10 15:07:04.333,23.3,,12
2022-11-10 15:07:02.056,23.2,,12
2022-11-10 15:06:59.778,23.3,,11
2022-11-10 15:06:57.502,23.2,,12
2022-11-10 15:06:55.223,23.2,,12
2022-11-10 15:06:52.946,23.2,,11
2022-11-10 15:06:50.668,23.3,,11
2022-11-10 15:06:48.391,23.3,,11
2022-11-10 15:06:46.113,23.3,,11
2022-11-10 15:06:43.836,23.2,,12
2022-11-10 15:06:41.559,23.3,,10
2022-11-10 15:06:39.286,23.3,,11
2022-11-10 15:06:37.008,23.3,,11
2022-11-10 15:06:34.730,23.3,,12
2022-11-10 15:06:32.453,23.3,,12
2022-11-10 15:06:30.175,23.3,,12
2022-11-10 15:06:27.897,23.3,,12
2022-11-10 15:06:25.621,23.3,,12
2022-11-10 15:06:23.343,23.4,,12
2022-11-10 15:06:21.065,23.3,,12
2022-11-10 15:06:18.788,23.3,,12
2022-11-10 15:06:16.511,23.3,,12
2022-11-10 15:06:14.232,23.3,,12
2022-11-10 15:06:11.955,23.4,,12
2022-11-10 15:06:09.678,23.4,,12
2022-11-10 15:06:07.400,23.4,,12
2022-11-10 15:06:05.123,23.3,,12
2022-11-10 15:06:02.845,23.3,,12
2022-11-10 15:06:00.568,23.3,,12
2022-11-10 15:05:58.291,23.4,,12
2022-11-10 15:05:56.014,23.3,,12
2022-11-10 15:05:53.736,23.3,,12
2022-11-10 15:05:51.457,23.3,,12
2022-11-10 15:05:49.181,23.3,,12
2022-11-10 15:05:46.903,23.3,,12
2022-11-10 15:05:44.625,23.3,,12
2022-11-10 15:05:42.352,23.3,,12
2022-11-10 15:05:40.075,23.4,,12
2022-11-10 15:05:37.798,23.4,,12
2022-11-10 15:05:35.520,23.4,,12
2022-11-10 15:05:33.243,23.4,,12
2022-11-10 15:05:30.966,23.4,,12
2022-11-10 15:05:28.687,23.4,,12
2022-11-10 15:05:26.410,23.4,,12
2022-11-10 15:05:24.133,23.4,,12
2022-11-10 15:05:21.856,23.4,,12
2022-11-10 15:05:19.577,23.4,,11
2022-11-10 15:05:17.301,23.4,,11
2022-11-10 15:05:15.023,23.4,,11
2022-11-10 15:05:12.745,23.4,,11
2022-11-10 15:05:10.468,23.4,,11
2022-11-10 15:05:08.190,23.4,,10
2022-11-10 15:05:05.913,23.4,,10
2022-11-10 15:05:03.635,23.4,,10
2022-11-10 15:05:01.357,23.4,,8
2022-11-10 15:04:59.080,23.4,,11
2022-11-10 15:04:56.803,23.4,,12
2022-11-10 15:04:54.525,23.4,,12
2022-11-10 15:04:52.249,23.4,,12
2022-11-10 15:04:49.970,23.4,,11
2022-11-10 15:04:47.694,23.4,,10
2022-11-10 15:04:45.416,23.4,,12
2022-11-10 15:04:43.138,23.4,,12
2022-11-10 15:04:40.861,23.4,,12
2022-11-10 15:04:38.584,23.4,,12
2022-11-10 15:04:36.310,23.4,,12
2022-11-10 15:04:34.032,23.4,,12
2022-11-10 15:04:31.755,23.4,,12
2022-11-10 15:04:29.478,23.4,,12
2022-11-10 15:04:27.199,23.4,,12
2022-11-10 15:04:24.923,23.4,,12
2022-11-10 15:04:22.645,23.4,,12
2022-11-10 15:04:20.367,23.4,,12
2022-11-10 15:04:18.090,23.4,,12
2022-11-10 15:04:15.813,23.4,,12
2022-11-10 15:04:13.535,23.4,,12
2022-11-10 15:04:11.257,23.4,,12
2022-11-10 15:04:08.981,23.5,,12
2022-11-10 15:04:06.703,23.5,,12
2022-11-10 15:04:04.424,23.5,,12
2022-11-10 15:04:02.148,23.5,,12
2022-11-10 15:03:59.871,23.5,,12
2022-11-10 15:03:57.592,23.5,,12
2022-11-10 15:03:55.315,23.5,,12
2022-11-10 15:03:53.037,23.5,,12
2022-11-10 15:03:50.760,23.5,,12
2022-11-10 15:03:48.481,23.5,,12
2022-11-10 15:03:46.204,23.5,,12
2022-11-10 15:03:43.927,23.5,,12
2022-11-10 15:03:41.650,23.5,,12
2022-11-10 15:03:39.373,23.5,,12
2022-11-10 15:03:37.095,23.5,,12
2022-11-10 15:03:34.817,23.5,,12
2022-11-10 15:03:32.540,23.5,,12
2022-11-10 15:03:30.263,23.5,,12
2022-11-10 15:03:27.985,23.5,,12
2022-11-10 15:03:25.708,23.5,,12
2022-11-10 15:03:23.434,23.5,,11
2022-11-10 15:03:21.157,23.5,,12
2022-11-10 15:03:18.879,23.5,,12
2022-11-10 15:03:16.601,23.5,,12
2022-11-10 15:03:14.324,23.5,,12
2022-11-10 15:03:12.047,23.6,,12
2022-11-10 15:03:09.769,23.6,,12
2022-11-10 15:03:07.492,23.6,,12
2022-11-10 15:03:05.214,23.6,,12
2022-11-10 15:03:02.936,23.6,,16
2022-11-10 15:03:00.659,23.6,,16
2022-11-10 15:02:58.381,23.6,,15
2022-11-10 15:02:56.104,23.6,,16
2022-11-10 15:02:53.827,23.6,,16
2022-11-10 15:02:51.549,23.6,,16
2022-11-10 15:02:49.272,23.6,,16
2022-11-10 15:02:46.994,23.6,,16
2022-11-10 15:02:44.717,23.6,,15
2022-11-10 15:02:42.439,23.6,,16
2022-11-10 15:02:40.162,23.6,,15
2022-11-10 15:02:37.885,23.6,,16
2022-11-10 15:02:35.608,23.6,,16
2022-11-10 15:02:33.329,23.6,,12
2022-11-10 15:02:31.053,23.6,,12
2022-11-10 15:02:28.776,23.6,,12
2022-11-10 15:02:26.498,23.6,,12
2022-11-10 15:02:24.220,23.6,,9
2022-11-10 15:02:21.943,23.6,,8
2022-11-10 15:02:19.665,23.6,,8
2022-11-10 15:02:17.388,23.6,,9
2022-11-10 15:02:15.110,23.6,,9
2022-11-10 15:02:12.833,23.6,,8
2022-11-10 15:02:10.560,23.6,,9
2022-11-10 15:02:08.282,23.6,,9
2022-11-10 15:02:06.004,23.6,,9
2022-11-10 15:02:03.727,23.6,,12
2022-11-10 15:02:01.449,23.6,,12
2022-11-10 15:01:59.172,23.6,,13
2022-11-10 15:01:56.894,23.6,,13
2022-11-10 15:01:54.617,23.6,,12
2022-11-10 15:01:52.340,23.6,,13
2022-11-10 15:01:50.063,23.6,,12
2022-11-10 15:01:47.784,23.6,,16
2022-11-10 15:01:45.507,23.6,,16
2022-11-10 15:01:43.230,23.6,,16
2022-11-10 15:01:40.952,23.6,,16
2022-11-10 15:01:38.674,23.6,,16
2022-11-10 15:01:36.397,23.6,,15
2022-11-10 15:01:34.121,23.6,,16
2022-11-10 15:01:31.842,23.6,,16
2022-11-10 15:01:29.569,23.6,,16
2022-11-10 15:01:27.291,23.6,,16
2022-11-10 15:01:25.014,23.6,,16
2022-11-10 15:01:22.736,23.6,,16
2022-11-10 15:01:20.460,23.6,,16
2022-11-10 15:01:18.182,23.6,,16
2022-11-10 15:01:15.905,23.6,,7
2022-11-10 15:01:13.627,23.6,,6
2022-11-10 15:01:11.349,23.6,,7
2022-11-10 15:01:09.072,23.6,,7
2022-11-10 15:01:06.794,23.6,,7
2022-11-10 15:01:04.517,23.6,,7
2022-11-10 15:01:02.240,23.6,,7
2022-11-10 15:00:59.962,23.6,,7
2022-11-10 15:00:57.685,23.6,,7
2022-11-10 15:00:55.408,23.6,,15
2022-11-10 15:00:53.129,23.6,,11
2022-11-10 15:00:50.852,23.6,,11
2022-11-10 15:00:48.575,23.6,,11
2022-11-10 15:00:46.296,23.6,,11
2022-11-10 15:00:44.019,23.6,,11
2022-11-10 15:00:41.746,23.6,,15
2022-11-10 15:00:39.465,23.6,,8
2022-11-10 15:00:37.187,23.6,,7
2022-11-10 15:00:34.910,23.5,,7
2022-11-10 15:00:32.633,23.6,,7
2022-11-10 15:00:30.354,23.5,,7
2022-11-10 15:00:28.081,23.5,,7
2022-11-10 15:00:25.803,23.5,,7
2022-11-10 15:00:23.526,23.5,,7
2022-11-10 15:00:21.248,23.5,,7
2022-11-10 15:00:18.971,23.5,,7
2022-11-10 15:00:16.693,23.5,,7
2022-11-10 15:00:14.416,23.5,,7
2022-11-10 15:00:12.138,23.5,,7
2022-11-10 15:00:09.862,23.4,,7
2022-11-10 15:00:07.583,23.5,,7
2022-11-10 15:00:05.307,23.4,,7
2022-11-10 15:00:03.030,23.4,,7
2022-11-10 15:00:00.751,23.4,,7
2022-11-10 14:59:58.473,23.4,,8
2022-11-10 14:59:56.196,23.4,,7
2022-11-10 14:59:53.919,23.4,,7
2022-11-10 14:59:51.641,23.4,,7
2022-11-10 14:59:49.364,23.4,,7
2022-11-10 14:59:47.086,23.3,,7
2022-11-10 14:59:44.809,23.4,,7
2022-11-10 14:59:42.533,23.3,,7
2022-11-10 14:59:40.255,23.3,,7
2022-11-10 14:59:37.982,23.3,,7
2022-11-10 14:59:35.704,23.3,,7
2022-11-10 14:59:33.426,23.3,,7
2022-11-10 14:59:31.149,23.3,,7
2022-11-10 14:59:28.872,23.3,,29
2022-11-10 14:59:26.593,23.3,,35
2022-11-10 14:59:24.316,23.3,,35
2022-11-10 14:59:22.039,23.3,,35
2022-11-10 14:59:19.761,23.3,,36
2022-11-10 14:59:17.483,23.3,,35
2022-11-10 14:59:15.206,23.3,,36
2022-11-10 14:59:12.928,23.3,,36
2022-11-10 14:59:10.652,23.3,,36
2022-11-10 14:59:08.374,23.3,,36
2022-11-10 14:59:06.096,23.3,,36
2022-11-10 14:59:03.818,23.3,,26
2022-11-10 14:59:01.541,23.3,,28
2022-11-10 14:58:59.265,23.3,,35
2022-11-10 14:58:56.986,23.3,,36
2022-11-10 14:58:54.709,23.3,,35
2022-11-10 14:58:52.431,23.3,,35
2022-11-10 14:58:50.154,23.3,,35
2022-11-10 14:58:47.880,23.3,,35
2022-11-10 14:58:45.604,23.3,,35
2022-11-10 14:58:43.326,23.2,,35
2022-11-10 14:58:41.048,23.3,,35
2022-11-10 14:58:38.770,23.3,,36
2022-11-10 14:58:36.493,23.2,,35
2022-11-10 14:58:34.217,23.2,,29
2022-11-10 14:58:31.938,23.3,,29
2022-11-10 14:58:29.660,23.3,,29
2022-11-10 14:58:27.383,23.2,,29
2022-11-10 14:58:25.106,23.2,,29
2022-11-10 14:58:22.828,23.2,,29
2022-11-10 14:58:20.551,23.2,,29
2022-11-10 14:58:18.274,23.1,,29
2022-11-10 14:58:15.997,23.2,,29
2022-11-10 14:58:13.719,23.2,,29
2022-11-10 14:58:11.442,23.1,,29
2022-11-10 14:58:09.163,23.2,,29
2022-11-10 14:58:06.886,23.2,,29
2022-11-10 14:58:04.608,23.1,,29
2022-11-10 14:58:02.332,23.2,,35
2022-11-10 14:58:00.053,23.1,,35
2022-11-10 14:57:57.776,23.2,,35
2022-11-10 14:57:55.502,23.2,,35
2022-11-10 14:57:53.226,23.2,,35
2022-11-10 14:57:50.948,23.2,,35
2022-11-10 14:57:48.671,23.1,,35
2022-11-10 14:57:46.393,23.1,,35
2022-11-10 14:57:44.115,23.2,,34
2022-11-10 14:57:41.837,23.2,,36
2022-11-10 14:57:39.560,23.1,,35
2022-11-10 14:57:37.282,23.2,,36
2022-11-10 14:57:35.005,23.2,,36
2022-11-10 14:57:32.727,23.1,,35
2022-11-10 14:57:30.450,23.1,,36
2022-11-10 14:57:28.172,23.1,,35
2022-11-10 14:57:25.895,23.1,,36
2022-11-10 14:57:23.617,23.1,,36
2022-11-10 14:57:21.340,23.1,,35
2022-11-10 14:57:19.062,23.1,,36
2022-11-10 14:57:16.785,23.1,,36
2022-11-10 14:57:14.507,23.1,,35
2022-11-10 14:57:12.230,23.1,,36
2022-11-10 14:57:09.953,23.1,,36
2022-11-10 14:57:07.675,23.1,,36
2022-11-10 14:57:05.398,23.1,,35
2022-11-10 14:57:03.120,23.1,,36
2022-11-10 14:57:00.843,23.1,,36
2022-11-10 14:56:58.565,23.1,,36
2022-11-10 14:56:56.288,23.1,,36
2022-11-10 14:56:54.010,23.1,,36
2022-11-10 14:56:51.733,23.1,,36
2022-11-10 14:56:49.455,23.1,,35
2022-11-10 14:56:47.178,23.1,,35
2022-11-10 14:56:44.901,23.1,,35
2022-11-10 14:56:42.624,23.1,,35
2022-11-10 14:56:40.346,23.1,,35
2022-11-10 14:56:38.069,23.1,,35
2022-11-10 14:56:35.791,23.1,,35
2022-11-10 14:56:33.513,23.1,,35
2022-11-10 14:56:31.236,23.1,,36
2022-11-10 14:56:28.958,23.1,,36
2022-11-10 14:56:26.681,23.1,,36
2022-11-10 14:56:24.404,23.1,,36
2022-11-10 14:56:22.126,23.1,,36
2022-11-10 14:56:19.849,23.0,,36
2022-11-10 14:56:17.572,23.1,,36
2022-11-10 14:56:15.298,23.1,,36
2022-11-10 14:56:13.021,23.1,,36
2022-11-10 14:56:10.743,23.1,,36
2022-11-10 14:56:08.465,23.1,,36
2022-11-10 14:56:06.188,23.1,,35
2022-11-10 14:56:03.911,23.1,,35
2022-11-10 14:56:01.634,23.1,,35
2022-11-10 14:55:59.355,23.1,,35
2022-11-10 14:55:57.079,23.1,,35
2022-11-10 14:55:54.800,23.1,,35
2022-11-10 14:55:52.524,23.1,,35
2022-11-10 14:55:50.247,23.1,,35
2022-11-10 14:55:47.969,23.1,,35
2022-11-10 14:55:45.691,23.1,,35
2022-11-10 14:55:43.413,23.1,,35
2022-11-10 14:55:41.137,23.1,,35
2022-11-10 14:55:38.858,23.1,,35
2022-11-10 14:55:36.580,23.1,,35
2022-11-10 14:55:34.304,23.1,,35
2022-11-10 14:55:32.025,23.1,,35
2022-11-10 14:55:29.748,23.1,,35
2022-11-10 14:55:27.472,23.1,,35
2022-11-10 14:55:25.194,23.1,,35
2022-11-10 14:55:22.916,23.1,,35
2022-11-10 14:55:20.639,23.1,,35
2022-11-10 14:55:18.365,23.1,,34
2022-11-10 14:55:16.088,23.1,,35
2022-11-10 14:55:13.810,23.1,,35
2022-11-10 14:55:11.532,23.1,,35
2022-11-10 14:55:09.255,23.1,,35
2022-11-10 14:55:06.978,23.1,,35
2022-11-10 14:55:04.701,23.1,,35
2022-11-10 14:55:02.422,23.1,,35
2022-11-10 14:55:00.145,23.1,,35
2022-11-10 14:54:57.868,23.1,,35
2022-11-10 14:54:55.590,23.1,,35
2022-11-10 14:54:53.312,23.1,,35
2022-11-10 14:54:51.035,23.1,,35
2022-11-10 14:54:48.758,23.1,,35
2022-11-10 14:54:46.480,23.1,,35
2022-11-10 14:54:44.203,23.1,,35
2022-11-10 14:54:41.925,23.1,,35
2022-11-10 14:54:39.648,23.1,,35
2022-11-10 14:54:37.371,23.1,,35
2022-11-10 14:54:35.094,23.1,,35
2022-11-10 14:54:32.816,23.1,,35
2022-11-10 14:54:30.538,23.1,,35
2022-11-10 14:54:28.261,23.1,,35
2022-11-10 14:54:25.983,23.1,,35
2022-11-10 14:54:23.705,23.1,,35
2022-11-10 14:54:21.428,23.1,,35
2022-11-10 14:54:19.151,23.1,,35
2022-11-10 14:54:16.874,23.1,,33
2022-11-10 14:54:14.597,23.1,,35
2022-11-10 14:54:12.318,23.1,,35
2022-11-10 14:54:10.041,23.1,,35
2022-11-10 14:54:07.763,23.1,,35
2022-11-10 14:54:05.486,23.1,,35
2022-11-10 14:54:03.208,23.1,,35
2022-11-10 14:54:00.931,23.1,,35
2022-11-10 14:53:58.655,23.1,,35
2022-11-10 14:53:56.377,23.1,,35
2022-11-10 14:53:54.099,23.1,,35
2022-11-10 14:53:51.825,23.1,,35
2022-11-10 14:53:49.548,23.1,,35
2022-11-10 14:53:47.270,23.1,,34
2022-11-10 14:53:44.993,23.1,,35
2022-11-10 14:53:42.715,23.1,,35
2022-11-10 14:53:40.438,23.1,,34
2022-11-10 14:53:38.161,23.1,,35
2022-11-10 14:53:35.883,23.1,,35
2022-11-10 14:53:33.606,23.1,,34
2022-11-10 14:53:31.328,23.1,,34
2022-11-10 14:53:29.050,23.1,,34
2022-11-10 14:53:26.774,23.1,,33
2022-11-10 14:53:24.495,23.1,,33
2022-11-10 14:53:22.218,23.1,,33
2022-11-10 14:53:19.941,23.1,,33
2022-11-10 14:53:17.664,23.1,,35
2022-11-10 14:53:15.386,23.1,,35
2022-11-10 14:53:13.108,23.1,,35
2022-11-10 14:53:10.832,23.1,,35
2022-11-10 14:53:08.554,23.1,,35
2022-11-10 14:53:06.276,23.1,,35
2022-11-10 14:53:03.999,23.1,,35
2022-11-10 14:53:01.721,23.1,,35
2022-11-10 14:52:59.444,23.1,,35
2022-11-10 14:52:57.166,23.1,,35
2022-11-10 14:52:54.888,23.1,,35
2022-11-10 14:52:52.611,23.1,,34
2022-11-10 14:52:50.334,23.1,,34
2022-11-10 14:52:48.056,23.1,,34
2022-11-10 14:52:45.779,23.1,,34
2022-11-10 14:52:43.501,23.1,,35
2022-11-10 14:52:41.223,23.1,,35
2022-11-10 14:52:38.946,23.1,,35
2022-11-10 14:52:36.668,23.1,,35
2022-11-10 14:52:34.391,23.1,,35
2022-11-10 14:52:32.114,23.1,,35
2022-11-10 14:52:29.837,23.1,,35
2022-11-10 14:52:27.559,23.1,,35
2022-11-10 14:52:25.285,23.1,,35
2022-11-10 14:52:23.009,23.1,,35
2022-11-10 14:52:20.730,23.1,,35
2022-11-10 14:52:18.454,23.1,,35
2022-11-10 14:52:16.176,23.1,,35
2022-11-10 14:52:13.898,23.1,,35
2022-11-10 14:52:11.620,23.1,,35
2022-11-10 14:52:09.344,23.1,,35
2022-11-10 14:52:07.066,23.1,,34
2022-11-10 14:52:04.788,23.1,,35
2022-11-10 14:52:02.512,23.1,,35
2022-11-10 14:52:00.233,23.1,,35
2022-11-10 14:51:57.956,23.1,,35
2022-11-10 14:51:55.678,23.1,,35
2022-11-10 14:51:53.400,23.1,,35
2022-11-10 14:51:51.124,23.1,,35
2022-11-10 14:51:48.846,23.1,,35
2022-11-10 14:51:46.568,23.1,,35
2022-11-10 14:51:44.291,23.1,,35
2022-11-10 14:51:42.014,23.1,,35
2022-11-10 14:51:39.736,23.1,,35
2022-11-10 14:51:37.458,23.1,,35
2022-11-10 14:51:35.181,23.1,,35
2022-11-10 14:51:32.903,23.1,,35
2022-11-10 14:51:30.626,23.1,,34
2022-11-10 14:51:28.348,23.1,,35
2022-11-10 14:51:26.071,23.1,,34
2022-11-10 14:51:23.794,23.1,,34
2022-11-10 14:51:21.516,23.1,,34
2022-11-10 14:51:19.240,23.1,,35
2022-11-10 14:51:16.962,23.1,,35
2022-11-10 14:51:14.685,23.1,,35
2022-11-10 14:51:12.406,23.1,,35
2022-11-10 14:51:10.133,23.1,,35
2022-11-10 14:51:07.855,23.1,,35
2022-11-10 14:51:05.578,23.1,,35
2022-11-10 14:51:03.301,23.1,,35
2022-11-10 14:51:01.023,23.1,,35
2022-11-10 14:50:58.747,23.1,,35
2022-11-10 14:50:56.468,23.1,,35
2022-11-10 14:50:54.190,23.1,,35
2022-11-10 14:50:51.913,23.1,,35
2022-11-10 14:50:49.635,23.1,,35
2022-11-10 14:50:47.359,23.1,,35
2022-11-10 14:50:45.080,23.1,,35
2022-11-10 14:50:42.803,23.1,,34
2022-11-10 14:50:40.527,23.1,,35
2022-11-10 14:50:38.248,23.1,,34
2022-11-10 14:50:35.971,23.1,,34
2022-11-10 14:50:33.693,23.1,,34
2022-11-10 14:50:31.415,23.1,,34
2022-11-10 14:50:29.138,23.1,,35
2022-11-10 14:50:26.861,23.1,,35
2022-11-10 14:50:24.584,23.1,,34
2022-11-10 14:50:22.306,23.1,,35
2022-11-10 14:50:20.028,23.1,,35
2022-11-10 14:50:17.751,23.1,,35
2022-11-10 14:50:15.473,23.1,,35
2022-11-10 14:50:13.197,23.1,,35
2022-11-10 14:50:10.918,23.1,,35
2022-11-10 14:50:08.642,23.1,,35
2022-11-10 14:50:06.364,23.1,,35
2022-11-10 14:50:04.086,23.1,,35
2022-11-10 14:50:01.809,23.1,,35
2022-11-10 14:49:59.536,23.1,,28
2022-11-10 14:49:57.258,23.1,,25
2022-11-10 14:49:54.981,23.0,,28
2022-11-10 14:49:52.703,23.0,,27
2022-11-10 14:49:50.426,23.0,,24
2022-11-10 14:49:48.149,23.0,,27
2022-11-10 14:49:45.870,23.0,,27
2022-11-10 14:49:43.594,23.0,,28
2022-11-10 14:49:41.316,23.0,,27
2022-11-10 14:49:39.038,23.0,,27
2022-11-10 14:49:36.761,23.0,,25
2022-11-10 14:49:34.483,23.0,,24
2022-11-10 14:49:32.207,23.0,,28
2022-11-10 14:49:29.929,23.0,,31
2022-11-10 14:49:27.651,23.0,,32
2022-11-10 14:49:25.374,23.0,,34
2022-11-10 14:49:23.095,22.9,,34
2022-11-10 14:49:20.818,22.9,,34
2022-11-10 14:49:18.546,22.9,,34
2022-11-10 14:49:16.267,22.9,,29
2022-11-10 14:49:13.990,22.9,,29
2022-11-10 14:49:11.712,23.0,,32
2022-11-10 14:49:09.435,22.9,,32
2022-11-10 14:49:07.158,22.9,,32
2022-11-10 14:49:04.881,22.9,,31
2022-11-10 14:49:02.603,22.9,,30
2022-11-10 14:49:00.325,22.9,,30
2022-11-10 14:48:58.047,22.9,,31
2022-11-10 14:48:55.771,22.9,,30
2022-11-10 14:48:53.492,22.9,,31
2022-11-10 14:48:51.215,22.9,,31
2022-11-10 14:48:48.938,22.9,,31
2022-11-10 14:48:46.661,22.9,,31
2022-11-10 14:48:44.383,22.9,,32
2022-11-10 14:48:42.106,22.9,,33
2022-11-10 14:48:39.832,22.9,,34
2022-11-10 14:48:37.555,22.9,,35
2022-11-10 14:48:35.277,22.9,,35
2022-11-10 14:48:32.999,22.9,,35
2022-11-10 14:48:30.722,22.9,,35
2022-11-10 14:48:28.444,22.9,,35
2022-11-10 14:48:26.167,22.9,,34
2022-11-10 14:48:23.889,22.9,,34
2022-11-10 14:48:21.612,22.9,,35
2022-11-10 14:48:19.335,22.9,,35
2022-11-10 14:48:17.057,22.9,,35
2022-11-10 14:48:14.779,22.9,,35
2022-11-10 14:48:12.502,22.9,,35
2022-11-10 14:48:10.225,22.9,,35
2022-11-10 14:48:07.951,22.9,,35
2022-11-10 14:48:05.673,22.9,,35
2022-11-10 14:48:03.396,22.9,,35
2022-11-10 14:48:01.119,22.9,,35
2022-11-10 14:47:58.841,22.9,,34
2022-11-10 14:47:56.564,22.9,,35
2022-11-10 14:47:54.287,22.9,,35
2022-11-10 14:47:52.009,22.9,,35
2022-11-10 14:47:49.731,22.9,,33
2022-11-10 14:47:47.455,22.9,,33
2022-11-10 14:47:45.176,22.9,,34
2022-11-10 14:47:42.899,22.9,,33
2022-11-10 14:47:40.621,22.9,,33
2022-11-10 14:47:38.344,22.9,,33
2022-11-10 14:47:36.066,22.9,,33
2022-11-10 14:47:33.790,22.9,,33
2022-11-10 14:47:31.511,22.9,,33
2022-11-10 14:47:29.235,22.9,,32
2022-11-10 14:47:26.957,22.9,,32
2022-11-10 14:47:24.679,22.9,,32
2022-11-10 14:47:22.402,22.9,,31
2022-11-10 14:47:20.125,22.9,,32
2022-11-10 14:47:17.851,22.9,,32
2022-11-10 14:47:15.574,22.9,,33
2022-11-10 14:47:13.296,22.9,,33
2022-11-10 14:47:11.018,22.9,,34
2022-11-10 14:47:08.741,22.9,,34
2022-11-10 14:47:06.463,22.9,,35
2022-11-10 14:47:04.186,22.9,,35
2022-11-10 14:47:01.908,22.9,,35
2022-11-10 14:46:59.631,22.9,,35
2022-11-10 14:46:57.353,22.9,,35
2022-11-10 14:46:55.076,22.8,,34
2022-11-10 14:46:52.799,22.8,,29
2022-11-10 14:46:50.522,22.8,,28
2022-11-10 14:46:48.244,22.8,,29
2022-11-10 14:46:45.967,22.8,,29
2022-11-10 14:46:43.693,22.8,,29
2022-11-10 14:46:41.415,22.8,,29
2022-11-10 14:46:39.138,22.8,,29
2022-11-10 14:46:36.862,22.8,,31
2022-11-10 14:46:34.583,22.8,,31
2022-11-10 14:46:32.306,22.7,,31
2022-11-10 14:46:30.028,22.7,,27
2022-11-10 14:46:27.752,22.8,,23
2022-11-10 14:46:25.473,22.7,,33
2022-11-10 14:46:23.196,22.7,,26
2022-11-10 14:46:20.918,22.7,,26
2022-11-10 14:46:18.641,22.7,,28
2022-11-10 14:46:16.363,22.7,,30
2022-11-10 14:46:14.086,22.7,,30
2022-11-10 14:46:11.809,22.7,,25
2022-11-10 14:46:09.531,22.7,,33
2022-11-10 14:46:07.253,22.7,,29
2022-11-10 14:46:04.976,22.7,,33
2022-11-10 14:46:02.703,22.7,,35
2022-11-10 14:46:00.425,22.7,,35
2022-11-10 14:45:58.148,22.7,,35
2022-11-10 14:45:55.870,22.7,,35
2022-11-10 14:45:53.593,22.7,,34
2022-11-10 14:45:51.315,22.7,,34
2022-11-10 14:45:49.039,22.7,,34
2022-11-10 14:45:46.760,22.7,,34
2022-11-10 14:45:44.483,22.7,,34
2022-11-10 14:45:42.206,22.7,,35
2022-11-10 14:45:39.928,22.7,,34
2022-11-10 14:45:37.651,22.7,,34
2022-11-10 14:45:35.373,22.7,,34
2022-11-10 14:45:33.095,22.7,,35
2022-11-10 14:45:30.818,22.7,,35
2022-11-10 14:45:28.540,22.7,,35
2022-11-10 14:45:26.264,22.7,,34
2022-11-10 14:45:23.986,22.7,,35
2022-11-10 14:45:21.708,22.7,,35
2022-11-10 14:45:19.430,22.7,,35
2022-11-10 14:45:17.154,22.7,,35
2022-11-10 14:45:14.876,22.7,,35
2022-11-10 14:45:12.602,22.7,,35
2022-11-10 14:45:10.325,22.7,,35
2022-11-10 14:45:08.047,22.7,,34
2022-11-10 14:45:05.770,22.7,,34
2022-11-10 14:45:03.493,22.7,,34
2022-11-10 14:45:01.215,22.7,,34
2022-11-10 14:44:58.937,22.7,,35
2022-11-10 14:44:56.660,22.7,,35
2022-11-10 14:44:54.383,22.7,,35
2022-11-10 14:44:52.105,22.7,,35
2022-11-10 14:44:49.828,22.7,,34
2022-11-10 14:44:47.550,22.7,,35
2022-11-10 14:44:45.273,22.7,,35
2022-11-10 14:44:42.995,22.7,,35
2022-11-10 14:44:40.717,22.7,,35
2022-11-10 14:44:38.440,22.7,,35
2022-11-10 14:44:36.163,22.7,,35
2022-11-10 14:44:33.885,22.7,,35
2022-11-10 14:44:31.612,22.7,,35
2022-11-10 14:44:29.334,22.7,,34
2022-11-10 14:44:27.056,22.7,,34
2022-11-10 14:44:24.779,22.7,,34
2022-11-10 14:44:22.501,22.7,,34
2022-11-10 14:44:20.224,22.7,,35
2022-11-10 14:44:17.946,22.7,,35
2022-11-10 14:44:15.669,22.7,,35
2022-11-10 14:44:13.391,22.7,,35
2022-11-10 14:44:11.114,22.7,,35
2022-11-10 14:44:08.838,22.7,,35
2022-11-10 14:44:06.560,22.7,,35
2022-11-10 14:44:04.283,22.7,,34
2022-11-10 14:44:02.004,22.7,,35
2022-11-10 14:43:59.728,22.7,,35
2022-11-10 14:43:57.450,22.7,,35
2022-11-10 14:43:55.172,22.7,,35
2022-11-10 14:43:52.895,22.7,,34
2022-11-10 14:43:50.617,22.7,,34
2022-11-10 14:43:48.339,22.7,,34
2022-11-10 14:43:46.066,22.7,,34
2022-11-10 14:43:43.789,22.7,,34
2022-11-10 14:43:41.511,22.7,,31
2022-11-10 14:43:39.234,22.7,,34
2022-11-10 14:43:36.956,22.7,,34
2022-11-10 14:43:34.678,22.7,,35
2022-11-10 14:43:32.402,22.7,,35
2022-11-10 14:43:30.123,22.7,,35
2022-11-10 14:43:27.847,22.7,,35
2022-11-10 14:43:25.570,22.7,,35
2022-11-10 14:43:23.292,22.7,,34
2022-11-10 14:43:21.014,22.7,,34
2022-11-10 14:43:18.738,22.7,,35
2022-11-10 14:43:16.460,22.7,,35
2022-11-10 14:43:14.182,22.7,,35
2022-11-10 14:43:11.905,22.7,,35
2022-11-10 14:43:09.628,22.7,,35
2022-11-10 14:43:07.349,22.7,,35
2022-11-10 14:43:05.076,22.7,,35
2022-11-10 14:43:02.799,22.7,,35
2022-11-10 14:43:00.521,22.7,,35
2022-11-10 14:42:58.244,22.7,,35
2022-11-10 14:42:55.966,22.7,,35
2022-11-10 14:42:53.689,22.7,,35
2022-11-10 14:42:51.411,22.7,,35
2022-11-10 14:42:49.134,22.7,,35
2022-11-10 14:42:46.856,22.7,,35
2022-11-10 14:42:44.579,22.7,,35
2022-11-10 14:42:42.302,22.7,,35
2022-11-10 14:42:40.025,22.7,,35
2022-11-10 14:42:37.746,22.7,,35
2022-11-10 14:42:35.469,22.7,,35
2022-11-10 14:42:33.192,22.7,,35
2022-11-10 14:42:30.914,22.7,,35
2022-11-10 14:42:28.637,22.7,,35
2022-11-10 14:42:26.359,22.7,,35
2022-11-10 14:42:24.081,22.7,,35
2022-11-10 14:42:21.808,22.7,,35
2022-11-10 14:42:19.531,22.7,,35
2022-11-10 14:42:17.253,22.7,,35
2022-11-10 14:42:14.977,22.7,,35
2022-11-10 14:42:12.698,22.7,,35
2022-11-10 14:42:10.421,22.7,,35
2022-11-10 14:42:08.143,22.7,,35
2022-11-10 14:42:05.866,22.7,,35
2022-11-10 14:42:03.588,22.7,,35
2022-11-10 14:42:01.311,22.7,,35
2022-11-10 14:41:59.033,22.7,,35
2022-11-10 14:41:56.756,22.7,,35
2022-11-10 14:41:54.480,22.7,,35
2022-11-10 14:41:52.201,22.7,,35
2022-11-10 14:41:49.924,22.7,,35
2022-11-10 14:41:47.646,22.8,,35
2022-11-10 14:41:45.368,22.7,,35
2022-11-10 14:41:43.091,22.7,,35
2022-11-10 14:41:40.814,22.7,,35
2022-11-10 14:41:38.537,22.7,,35
2022-11-10 14:41:36.263,22.7,,35
2022-11-10 14:41:33.986,22.8,,35
2022-11-10 14:41:31.708,22.7,,35
2022-11-10 14:41:29.430,22.7,,35
2022-11-10 14:41:27.153,22.8,,35
2022-11-10 14:41:24.875,22.7,,35
2022-11-10 14:41:22.598,22.7,,35
2022-11-10 14:41:20.320,22.7,,35
2022-11-10 14:41:18.043,22.7,,35
2022-11-10 14:41:15.766,22.7,,35
2022-11-10 14:41:13.488,22.7,,35
2022-11-10 14:41:11.210,22.7,,35
2022-11-10 14:41:08.933,22.7,,35
2022-11-10 14:41:06.655,22.7,,35
2022-11-10 14:41:04.379,22.8,,35
2022-11-10 14:41:02.101,22.7,,35
2022-11-10 14:40:59.823,22.7,,35
2022-11-10 14:40:57.551,22.7,,35
2022-11-10 14:40:55.272,22.8,,35
2022-11-10 14:40:52.995,22.8,,35
2022-11-10 14:40:50.717,22.7,,35
2022-11-10 14:40:48.440,22.8,,35
2022-11-10 14:40:46.162,22.8,,35
2022-11-10 14:40:43.885,22.8,,35
2022-11-10 14:40:41.608,22.8,,35
2022-11-10 14:40:39.330,22.8,,35
2022-11-10 14:40:37.053,22.7,,35
2022-11-10 14:40:34.775,22.8,,35
2022-11-10 14:40:32.497,22.8,,35
2022-11-10 14:40:30.220,22.8,,35
2022-11-10 14:40:27.942,22.8,,35
2022-11-10 14:40:25.665,22.8,,35
2022-11-10 14:40:23.388,22.8,,35
2022-11-10 14:40:21.111,22.8,,35
2022-11-10 14:40:18.833,22.8,,35
2022-11-10 14:40:16.555,22.8,,35
2022-11-10 14:40:14.278,22.8,,35
2022-11-10 14:40:12.000,22.8,,35
2022-11-10 14:40:09.727,22.8,,35
2022-11-10 14:40:07.449,22.8,,35
2022-11-10 14:40:05.172,22.8,,35
2022-11-10 14:40:02.896,22.8,,35
2022-11-10 14:40:00.617,22.8,,35
2022-11-10 14:39:58.340,22.8,,35
2022-11-10 14:39:56.063,22.8,,35
2022-11-10 14:39:53.786,22.8,,35
2022-11-10 14:39:51.507,22.8,,35
2022-11-10 14:39:49.230,22.8,,35
2022-11-10 14:39:46.952,22.8,,35
2022-11-10 14:39:44.675,22.8,,35
2022-11-10 14:39:42.397,22.8,,35
2022-11-10 14:39:40.120,22.8,,35
2022-11-10 14:39:37.843,22.8,,35
2022-11-10 14:39:35.565,22.8,,35
2022-11-10 14:39:33.291,22.8,,35
2022-11-10 14:39:31.015,22.8,,35
2022-11-10 14:39:28.736,22.8,,35
2022-11-10 14:39:26.459,22.8,,35
2022-11-10 14:39:24.181,22.8,,36
2022-11-10 14:39:21.905,22.8,,35
2022-11-10 14:39:19.628,22.8,,35
2022-11-10 14:39:17.349,22.8,,35
2022-11-10 14:39:15.072,22.8,,35
2022-11-10 14:39:12.795,22.8,,35
2022-11-10 14:39:10.517,22.8,,35
2022-11-10 14:39:08.240,22.8,,35
2022-11-10 14:39:05.962,22.8,,35
2022-11-10 14:39:03.684,22.8,,35
2022-11-10 14:39:01.407,22.8,,35
2022-11-10 14:38:59.133,22.8,,35
2022-11-10 14:38:56.856,22.8,,35
2022-11-10 14:38:54.579,22.8,,35
2022-11-10 14:38:52.301,22.8,,35
2022-11-10 14:38:50.024,22.8,,35
2022-11-10 14:38:47.747,22.8,,35
2022-11-10 14:38:45.469,22.8,,35
2022-11-10 14:38:43.192,22.8,,35
2022-11-10 14:38:40.915,22.9,,35
2022-11-10 14:38:38.636,22.8,,35
2022-11-10 14:38:36.359,22.8,,35
2022-11-10 14:38:34.081,22.8,,35
2022-11-10 14:38:31.804,22.9,,35
2022-11-10 14:38:29.526,22.8,,35
2022-11-10 14:38:27.250,22.8,,35
2022-11-10 14:38:24.972,22.9,,35
2022-11-10 14:38:22.695,22.8,,35
2022-11-10 14:38:20.416,22.8,,32
2022-11-10 14:38:18.139,22.8,,35
2022-11-10 14:38:15.865,22.8,,34
2022-11-10 14:38:13.588,22.8,,34
2022-11-10 14:38:11.310,22.8,,34
2022-11-10 14:38:09.033,22.8,,34
2022-11-10 14:38:06.755,22.9,,35
2022-11-10 14:38:04.478,22.9,,34
2022-11-10 14:38:02.202,22.9,,34
2022-11-10 14:37:59.923,22.9,,34
2022-11-10 14:37:57.646,22.8,,34
2022-11-10 14:37:55.369,22.8,,34
2022-11-10 14:37:53.091,22.8,,34
2022-11-10 14:37:50.813,22.9,,34
2022-11-10 14:37:48.536,22.9,,35
2022-11-10 14:37:46.258,22.9,,33
2022-11-10 14:37:43.981,22.8,,33
2022-11-10 14:37:41.704,22.8,,33
2022-11-10 14:37:39.426,22.9,,33
2022-11-10 14:37:37.148,22.8,,33
2022-11-10 14:37:34.871,22.9,,33
2022-11-10 14:37:32.593,22.9,,32
2022-11-10 14:37:30.316,22.9,,32
2022-11-10 14:37:28.038,22.9,,32
2022-11-10 14:37:25.761,22.9,,32
2022-11-10 14:37:23.483,22.9,,33
2022-11-10 14:37:21.210,22.9,,33
2022-11-10 14:37:18.934,22.9,,33
2022-11-10 14:37:16.655,22.9,,34
2022-11-10 14:37:14.378,22.9,,33
2022-11-10 14:37:12.101,22.9,,33
2022-11-10 14:37:09.823,22.9,,33
2022-11-10 14:37:07.545,22.9,,33
2022-11-10 14:37:05.268,22.9,,33
2022-11-10 14:37:02.990,22.9,,33
2022-11-10 14:37:00.713,22.9,,33
2022-11-10 14:36:58.436,22.9,,33
2022-11-10 14:36:56.158,22.9,,33
2022-11-10 14:36:53.885,22.9,,33
2022-11-10 14:36:51.608,22.9,,33
2022-11-10 14:36:49.330,22.9,,33
2022-11-10 14:36:47.052,22.9,,33
2022-11-10 14:36:44.776,22.9,,33
2022-11-10 14:36:42.497,22.9,,32
2022-11-10 14:36:40.220,22.9,,33
2022-11-10 14:36:37.943,22.9,,33
2022-11-10 14:36:35.666,22.9,,33
2022-11-10 14:36:33.387,22.9,,33
2022-11-10 14:36:31.110,22.9,,33
2022-11-10 14:36:28.834,22.9,,33
2022-11-10 14:36:26.560,22.9,,33
2022-11-10 14:36:24.282,22.9,,33
2022-11-10 14:36:22.004,22.9,,33
2022-11-10 14:36:19.727,22.9,,33
2022-11-10 14:36:17.449,22.9,,33
2022-11-10 14:36:15.172,22.9,,31
2022-11-10 14:36:12.894,22.9,,31
2022-11-10 14:36:10.617,22.9,,31
2022-11-10 14:36:08.339,22.9,,31
2022-11-10 14:36:06.062,22.9,,30
2022-11-10 14:36:03.784,22.9,,33
2022-11-10 14:36:01.507,22.9,,33
2022-11-10 14:35:59.230,22.9,,33
2022-11-10 14:35:56.952,22.9,,33
2022-11-10 14:35:54.676,22.9,,34
2022-11-10 14:35:52.401,22.9,,34
2022-11-10 14:35:50.124,22.9,,34
2022-11-10 14:35:47.846,22.9,,34
2022-11-10 14:35:45.569,22.9,,33
2022-11-10 14:35:43.291,22.9,,33
2022-11-10 14:35:41.014,22.8,,33
2022-11-10 14:35:38.736,22.9,,33
2022-11-10 14:35:36.459,22.8,,32
2022-11-10 14:35:34.181,22.8,,33
2022-11-10 14:35:31.904,22.9,,33
2022-11-10 14:35:29.626,22.8,,33
2022-11-10 14:35:27.349,22.8,,33
2022-11-10 14:35:25.071,22.8,,33
2022-11-10 14:35:22.794,22.9,,33
2022-11-10 14:35:20.516,22.8,,33
2022-11-10 14:35:18.239,22.8,,33
2022-11-10 14:35:15.961,22.8,,33
2022-11-10 14:35:13.687,22.8,,33
2022-11-10 14:35:11.410,22.8,,33
2022-11-10 14:35:09.132,22.8,,33
2022-11-10 14:35:06.855,22.8,,33
2022-11-10 14:35:04.577,22.8,,34
2022-11-10 14:35:02.300,22.8,,33
2022-11-10 14:35:00.022,22.8,,33
2022-11-10 14:34:57.745,22.8,,33
2022-11-10 14:34:55.467,22.8,,33
2022-11-10 14:34:53.190,22.8,,6
2022-11-10 14:34:50.913,22.8,,31
2022-11-10 14:34:48.635,22.8,,31
2022-11-10 14:34:46.358,22.8,,31
2022-11-10 14:34:44.080,22.8,,31
2022-11-10 14:34:41.803,22.8,,31
2022-11-10 14:34:39.529,22.8,,30
2022-11-10 14:34:37.252,22.8,,30
2022-11-10 14:34:34.975,22.8,,30
2022-11-10 14:34:32.697,22.8,,30
2022-11-10 14:34:30.419,22.8,,30
2022-11-10 14:34:28.142,22.8,,31
2022-11-10 14:34:25.865,22.8,,31
2022-11-10 14:34:23.587,22.8,,31
2022-11-10 14:34:21.309,22.8,,31
2022-11-10 14:34:19.032,22.8,,31
2022-11-10 14:34:16.754,22.8,,31
2022-11-10 14:34:14.478,22.8,,31
2022-11-10 14:34:12.205,22.8,,31
2022-11-10 14:34:09.927,22.8,,31
2022-11-10 14:34:07.649,22.8,,30
2022-11-10 14:34:05.372,22.8,,30
2022-11-10 14:34:03.095,22.8,,30
2022-11-10 14:34:00.817,22.8,,30
2022-11-10 14:33:58.540,22.8,,30
2022-11-10 14:33:56.263,22.8,,30
2022-11-10 14:33:53.985,22.8,,30
2022-11-10 14:33:51.708,22.8,,30
2022-11-10 14:33:49.430,22.8,,30
2022-11-10 14:33:47.152,22.8,,30
2022-11-10 14:33:44.876,22.8,,31
2022-11-10 14:33:42.601,22.8,,30
2022-11-10 14:33:40.324,22.8,,31
2022-11-10 14:33:38.047,22.8,,31
2022-11-10 14:33:35.770,22.8,,31
2022-11-10 14:33:33.492,22.8,,31
2022-11-10 14:33:31.214,22.8,,31
2022-11-10 14:33:28.937,22.8,,31
2022-11-10 14:33:26.659,22.8,,30
2022-11-10 14:33:24.383,22.8,,31
2022-11-10 14:33:22.104,22.8,,31
2022-11-10 14:33:19.827,22.8,,31
2022-11-10 14:33:17.549,22.8,,31
2022-11-10 14:32:45.706,22.8,,29
2022-11-10 14:32:43.428,22.8,,30
2022-11-10 14:32:41.151,22.8,,30
2022-11-10 14:32:38.873,22.8,,29
2022-11-10 14:32:36.596,22.8,,30
2022-11-10 14:32:34.318,22.8,,31
2022-11-10 14:32:32.041,22.8,,30
2022-11-10 14:32:29.763,22.8,,30
2022-11-10 14:32:27.486,22.8,,30
2022-11-10 14:32:25.208,22.8,,30
2022-11-10 14:32:22.931,22.8,,30
2022-11-10 14:32:20.654,22.8,,30
2022-11-10 14:32:18.379,22.8,,30
2022-11-10 14:32:16.103,22.8,,30
2022-11-10 14:32:13.824,22.8,,30
2022-11-10 14:32:11.547,22.8,,30
2022-11-10 14:32:09.269,22.8,,30
2022-11-10 14:32:06.992,22.8,,30
2022-11-10 14:32:04.714,22.8,,30
2022-11-10 14:32:02.437,22.8,,30
2022-11-10 14:32:00.161,22.8,,30
2022-11-10 14:31:57.883,22.8,,30
2022-11-10 14:31:55.606,22.8,,30
2022-11-10 14:31:53.327,22.8,,30
2022-11-10 14:31:51.050,22.8,,30
2022-11-10 14:31:48.772,22.8,,30
2022-11-10 14:31:46.495,22.8,,31
2022-11-10 14:31:44.218,22.8,,31
2022-11-10 14:31:41.940,22.8,,30
2022-11-10 14:31:39.663,22.8,,30
2022-11-10 14:31:37.389,22.8,,30
2022-11-10 14:31:35.111,22.8,,30
2022-11-10 14:31:32.835,22.8,,31
2022-11-10 14:31:30.557,22.8,,31
2022-11-10 14:31:28.280,22.8,,30
2022-11-10 14:31:26.002,22.8,,30
2022-11-10 14:28:07.687,22.7,,29
2022-11-10 14:28:05.410,22.7,,31
2022-11-10 14:28:03.131,22.7,,31
2022-11-10 14:28:00.853,22.7,,31
2022-11-10 14:27:58.576,22.7,,31
2022-11-10 14:27:56.299,22.7,,30
2022-11-10 14:27:54.022,22.7,,30
2022-11-10 14:27:51.743,22.7,,30
2022-11-10 14:27:49.466,22.7,,30
2022-11-10 14:27:47.189,22.7,,30
2022-11-10 14:27:44.912,22.7,,30
2022-11-10 14:27:42.634,22.7,,30
2022-11-10 14:27:40.356,22.7,,30
2022-11-10 14:27:38.079,22.7,,30
2022-11-10 14:27:35.801,22.7,,29
2022-11-10 14:27:33.525,22.7,,29
2022-11-10 14:27:31.247,22.7,,29
2022-11-10 14:27:28.970,22.7,,29
2022-11-10 14:27:26.691,22.7,,29
2022-11-10 14:27:24.414,22.7,,29
2022-11-10 14:27:22.136,22.7,,29
2022-11-10 14:27:19.860,22.7,,29
2022-11-10 14:27:17.582,22.7,,29
2022-11-10 14:27:15.308,22.7,,29
2022-11-10 14:27:13.031,22.7,,29
2022-11-10 14:27:10.754,22.7,,30
2022-11-10 14:27:08.476,22.7,,30
2022-11-10 14:27:06.198,22.7,,30
2022-11-10 14:27:03.921,22.7,,30
2022-11-10 14:27:01.644,22.7,,30
2022-11-10 14:26:59.366,22.7,,30
2022-11-10 14:26:57.089,22.7,,30
2022-11-10 14:26:54.811,22.7,,30
2022-11-10 14:26:52.534,22.7,,30
2022-11-10 14:26:50.257,22.7,,30
2022-11-10 14:26:47.978,22.7,,30
2022-11-10 14:26:45.701,22.7,,30
2022-11-10 14:26:43.423,22.7,,30
2022-11-10 14:26:41.146,22.7,,32
2022-11-10 14:26:38.868,22.7,,30
2022-11-10 14:26:36.591,22.7,,30
2022-11-10 14:26:34.313,22.7,,31
2022-11-10 14:26:32.036,22.7,,30
2022-11-10 14:26:29.759,22.7,,30
2022-11-10 14:26:27.481,22.7,,30
2022-11-10 14:26:25.208,22.7,,30
2022-11-10 14:26:22.931,22.7,,30
2022-11-10 14:26:20.653,22.7,,30
2022-11-10 14:26:18.375,22.7,,30
2022-11-10 14:26:16.098,22.7,,30
2022-11-10 14:26:13.820,22.7,,30
2022-11-10 14:26:11.543,22.7,,30
2022-11-10 14:26:09.266,22.7,,30
2022-11-10 14:26:06.988,22.7,,30
2022-11-10 14:26:04.710,22.6,,30
2022-11-10 14:26:02.433,22.6,,30
2022-11-10 14:26:00.156,22.6,,31
2022-11-10 14:25:57.878,22.6,,31
2022-11-10 14:25:55.601,22.6,,31
2022-11-10 14:25:53.323,22.6,,31
2022-11-10 14:25:51.045,22.7,,31
2022-11-10 14:25:48.768,22.6,,31
2022-11-10 14:25:46.490,22.7,,31
2022-11-10 14:25:44.217,22.7,,31
2022-11-10 14:25:41.939,22.6,,31
2022-11-10 14:25:39.662,22.6,,31
2022-11-10 14:25:37.385,22.6,,31
2022-11-10 14:25:35.107,22.6,,33
2022-11-10 14:25:32.830,22.6,,30
2022-11-10 14:25:30.552,22.6,,33
2022-11-10 14:25:28.275,22.6,,33
2022-11-10 14:25:25.997,22.6,,32
2022-11-10 14:25:23.721,22.6,,32
2022-11-10 14:25:21.442,22.6,,32
2022-11-10 14:25:19.165,22.6,,33
2022-11-10 14:25:16.887,22.6,,33
2022-11-10 14:25:14.610,22.6,,32
2022-11-10 14:25:12.337,22.6,,33
2022-11-10 14:25:10.059,22.6,,33
